match_id,player1,player2,elapsed_time,set_no,game_no,point_no,p1_sets,p2_sets,p1_games,p2_games,p1_score,p2_score,server,serve_no,point_victor,p1_points_won,p2_points_won,game_victor,set_victor,p1_ace,p2_ace,p1_winner,p2_winner,winner_shot_type,p1_double_fault,p2_double_fault,p1_unf_err,p2_unf_err,p1_net_pt,p2_net_pt,p1_net_pt_won,p2_net_pt_won,p1_break_pt,p2_break_pt,p1_break_pt_won,p2_break_pt_won,p1_break_pt_missed,p2_break_pt_missed,p1_distance_run,p2_distance_run,rally_count,speed_mph,serve_width,serve_depth,return_depth
2023-wimbledon-1701,Carlos Alcaraz,Novak Djokovic,00:00:00,1,1,1,0,0,0,0,0,0,2,1,2,0,1,0,0,0,0,0,0,0,0,0,0,0,0,0,0,0,0,0,0,0,0,0,5.661,4.341,1,111.0,W,CTL,D
2023-wimbledon-1701,Carlos Alcaraz,Novak Djokovic,00:00:25,1,1,2,0,0,0,0,0,15,2,1,1,1,1,0,0,0,0,0,0,0,0,0,0,0,0,0,0,0,0,0,0,0,0,0,18.502,22.307,4,126.0,BW,NCTL,ND
2023-wimbledon-1701,Carlos Alcaraz,Novak Djokovic,00:01:19,1,1,3,0,0,0,0,15,15,2,2,1,2,1,0,0,0,0,1,0,F,0,0,0,0,0,0,0,0,0,0,0,0,0,0,4.786,2.926,2,102.0,BW,NCTL,ND
2023-wimbledon-1701,Carlos Alcaraz,Novak Djokovic,00:02:17,1,1,4,0,0,0,0,30,15,2,2,2,2,2,0,0,0,0,0,0,0,0,0,0,0,0,0,0,0,0,0,0,0,0,0,4.907,4.209,1,120.0,BC,CTL,ND
2023-wimbledon-1701,Carlos Alcaraz,Novak Djokovic,00:03:02,1,1,5,0,0,0,0,30,30,2,1,1,3,2,0,0,0,0,0,0,0,0,0,0,1,0,1,0,0,0,0,0,0,0,0,12.881,8.676,2,108.0,W,CTL,ND
2023-wimbledon-1701,Carlos Alcaraz,Novak Djokovic,00:03:38,1,1,6,0,0,0,0,40,30,2,1,2,3,3,0,0,0,0,0,0,0,0,0,0,0,0,0,0,0,1,0,0,0,1,0,7.293,7.704,1,127.0,W,NCTL,D
2023-wimbledon-1701,Carlos Alcaraz,Novak Djokovic,00:04:05,1,1,7,0,0,0,0,40,40,2,1,2,3,4,0,0,0,0,0,1,F,0,0,0,0,0,1,0,1,0,0,0,0,0,0,23.283,19.531,5,111.0,W,CTL,ND
2023-wimbledon-1701,Carlos Alcaraz,Novak Djokovic,00:04:41,1,1,8,0,0,0,0,40,AD,2,1,1,4,4,0,0,0,0,0,0,0,0,0,0,0,0,0,0,0,0,0,0,0,0,0,23.179,24.58,6,124.0,BW,NCTL,D
2023-wimbledon-1701,Carlos Alcaraz,Novak Djokovic,00:06:03,1,1,9,0,0,0,0,40,40,2,1,2,4,5,0,0,0,0,0,0,0,0,0,1,0,0,0,0,0,0,0,0,0,0,0,29.115,28.599,7,127.0,C,NCTL,D
2023-wimbledon-1701,Carlos Alcaraz,Novak Djokovic,00:06:43,1,1,10,0,0,0,0,40,AD,2,1,2,4,6,2,0,0,0,0,0,0,0,0,0,0,0,0,0,0,0,0,0,0,0,0,8.941,7.816,1,125.0,W,CTL,ND
2023-wimbledon-1701,Carlos Alcaraz,Novak Djokovic,00:08:02,1,2,11,0,0,0,1,0,0,1,1,2,4,7,0,0,0,0,0,0,0,0,0,1,0,0,0,0,0,0,0,0,0,0,0,5.54,10.329,2,123.0,BW,NCTL,ND
2023-wimbledon-1701,Carlos Alcaraz,Novak Djokovic,00:08:28,1,2,12,0,0,0,1,0,15,1,1,2,4,8,0,0,0,0,0,1,F,0,0,0,0,0,0,0,0,0,0,0,0,0,0,16.819,20.001,6,119.0,C,NCTL,ND
2023-wimbledon-1701,Carlos Alcaraz,Novak Djokovic,00:09:22,1,2,13,0,0,0,1,0,30,1,2,2,4,9,0,0,0,0,0,0,0,0,0,1,0,0,0,0,0,0,0,0,0,0,0,21.482,23.589,6,107.0,B,NCTL,D
2023-wimbledon-1701,Carlos Alcaraz,Novak Djokovic,00:10:25,1,2,14,0,0,0,1,0,40,1,1,1,5,9,0,0,0,0,0,0,0,0,0,0,0,0,0,0,0,0,1,0,0,0,1,9.876,15.338,3,121.0,C,CTL,ND
2023-wimbledon-1701,Carlos Alcaraz,Novak Djokovic,00:10:57,1,2,15,0,0,0,1,15,40,1,1,1,6,9,0,0,0,0,1,0,F,0,0,0,0,0,0,0,0,0,1,0,0,0,1,7.638,7.393,3,128.0,BC,NCTL,ND
2023-wimbledon-1701,Carlos Alcaraz,Novak Djokovic,00:11:29,1,2,16,0,0,0,1,30,40,1,2,2,6,10,2,0,0,0,0,0,0,0,0,0,0,0,0,0,0,0,1,0,1,0,0,21.88,18.532,4,101.0,BW,NCTL,D
2023-wimbledon-1701,Carlos Alcaraz,Novak Djokovic,00:12:45,1,3,17,0,0,0,2,0,0,2,1,2,6,11,0,0,0,0,0,0,0,0,0,1,0,1,0,0,0,0,0,0,0,0,0,20.078,18.607,5,122.0,C,NCTL,D
2023-wimbledon-1701,Carlos Alcaraz,Novak Djokovic,00:13:23,1,3,18,0,0,0,2,0,15,2,2,1,7,11,0,0,0,0,0,0,0,0,0,0,1,0,0,0,0,0,0,0,0,0,0,29.805,34.701,8,107.0,C,NCTL,D
2023-wimbledon-1701,Carlos Alcaraz,Novak Djokovic,00:14:24,1,3,19,0,0,0,2,15,15,2,2,1,8,11,0,0,0,0,0,0,0,0,0,0,0,0,0,0,0,0,0,0,0,0,0,31.981,29.821,8,85.0,C,NCTL,D
2023-wimbledon-1701,Carlos Alcaraz,Novak Djokovic,00:15:30,1,3,20,0,0,0,2,30,15,2,2,2,8,12,0,0,0,0,0,0,0,0,0,0,0,0,1,0,1,0,0,0,0,0,0,93.364,89.698,21,88.0,BW,NCTL,ND
2023-wimbledon-1701,Carlos Alcaraz,Novak Djokovic,00:17:03,1,3,21,0,0,0,2,30,30,2,1,2,8,13,0,0,0,0,0,0,0,0,0,0,0,0,1,0,1,0,0,0,0,0,0,48.241,32.83,5,121.0,C,NCTL,ND
2023-wimbledon-1701,Carlos Alcaraz,Novak Djokovic,00:18:02,1,3,22,0,0,0,2,30,40,2,1,2,8,14,2,0,0,1,0,1,0,0,0,0,0,0,0,0,0,0,0,0,0,0,0,0.669,0.492,1,121.0,C,NCTL,
2023-wimbledon-1701,Carlos Alcaraz,Novak Djokovic,00:19:49,1,4,23,0,0,0,3,0,0,1,1,2,8,15,0,0,0,0,0,0,0,0,0,0,0,0,0,0,0,0,0,0,0,0,0,12.278,14.266,2,108.0,W,CTL,D
2023-wimbledon-1701,Carlos Alcaraz,Novak Djokovic,00:20:15,1,4,24,0,0,0,3,0,15,1,1,1,9,15,0,0,0,0,0,0,0,0,0,0,0,0,0,0,0,0,0,0,0,0,0,2.783,7.056,1,128.0,BW,NCTL,ND
2023-wimbledon-1701,Carlos Alcaraz,Novak Djokovic,00:20:38,1,4,25,0,0,0,3,15,15,1,1,2,9,16,0,0,0,0,0,0,0,0,0,0,0,0,0,0,0,0,0,0,0,0,0,30.865,26.119,6,128.0,C,NCTL,D
2023-wimbledon-1701,Carlos Alcaraz,Novak Djokovic,00:21:15,1,4,26,0,0,0,3,15,30,1,1,2,9,17,0,0,0,0,0,0,0,0,0,1,0,0,0,0,0,0,0,0,0,0,0,27.744,38.992,8,117.0,C,NCTL,D
2023-wimbledon-1701,Carlos Alcaraz,Novak Djokovic,00:21:55,1,4,27,0,0,0,3,15,40,1,2,1,10,17,0,0,0,0,0,0,0,0,0,0,0,0,0,0,0,0,1,0,0,0,1,12.367,12.258,3,110.0,B,CTL,D
2023-wimbledon-1701,Carlos Alcaraz,Novak Djokovic,00:22:36,1,4,28,0,0,0,3,30,40,1,1,1,11,17,0,0,0,0,1,0,0,0,0,0,0,0,0,0,0,0,1,0,0,0,1,5.683,5.84,1,128.0,BW,CTL,ND
2023-wimbledon-1701,Carlos Alcaraz,Novak Djokovic,00:23:16,1,4,29,0,0,0,3,40,40,1,2,2,11,18,0,0,0,0,0,0,0,0,0,0,0,0,0,0,0,0,0,0,0,0,0,35.456,41.723,10,98.0,C,NCTL,ND
2023-wimbledon-1701,Carlos Alcaraz,Novak Djokovic,00:24:11,1,4,30,0,0,0,3,40,AD,1,2,2,11,19,2,0,0,0,0,0,0,0,0,0,0,0,0,0,0,0,1,0,1,0,0,11.067,10.59,2,95.0,BW,NCTL,ND
2023-wimbledon-1701,Carlos Alcaraz,Novak Djokovic,00:25:06,1,5,31,0,0,0,4,0,0,2,1,2,11,20,0,0,0,0,0,0,0,0,0,0,0,0,0,0,0,0,0,0,0,0,0,5.873,3.741,1,108.0,W,CTL,D
2023-wimbledon-1701,Carlos Alcaraz,Novak Djokovic,00:25:28,1,5,32,0,0,0,4,0,15,2,1,2,11,21,0,0,0,0,0,0,0,0,0,1,0,0,0,0,0,0,0,0,0,0,0,13.029,12.57,3,126.0,W,CTL,D
2023-wimbledon-1701,Carlos Alcaraz,Novak Djokovic,00:25:57,1,5,33,0,0,0,4,0,30,2,1,1,12,21,0,0,0,0,1,0,B,0,0,0,0,0,1,0,0,0,0,0,0,0,0,13.896,16.397,4,111.0,BW,NCTL,ND
2023-wimbledon-1701,Carlos Alcaraz,Novak Djokovic,00:26:33,1,5,34,0,0,0,4,15,30,2,1,2,12,22,0,0,0,0,0,0,0,0,0,1,0,0,0,0,0,0,0,0,0,0,0,26.566,27.069,5,125.0,W,CTL,D
2023-wimbledon-1701,Carlos Alcaraz,Novak Djokovic,00:27:10,1,5,35,0,0,0,4,15,40,2,1,2,12,23,2,0,0,0,0,1,F,0,0,0,0,0,1,0,1,0,0,0,0,0,0,14.297,10.323,3,121.0,C,NCTL,
2023-wimbledon-1701,Carlos Alcaraz,Novak Djokovic,00:28:47,1,6,36,0,0,0,5,0,0,1,1,1,13,23,0,0,0,0,1,0,F,0,0,0,0,1,0,1,0,0,0,0,0,0,0,9.156,12.607,3,129.0,C,NCTL,
2023-wimbledon-1701,Carlos Alcaraz,Novak Djokovic,00:29:15,1,6,37,0,0,0,5,15,0,1,1,1,14,23,0,0,0,0,0,0,0,0,0,0,0,0,0,0,0,0,0,0,0,0,0,9.453,10.305,1,131.0,W,CTL,D
2023-wimbledon-1701,Carlos Alcaraz,Novak Djokovic,00:29:37,1,6,38,0,0,0,5,30,0,1,2,2,14,24,0,0,0,0,0,0,0,0,0,1,0,0,0,0,0,0,0,0,0,0,0,6.807,10.082,2,103.0,BC,NCTL,ND
2023-wimbledon-1701,Carlos Alcaraz,Novak Djokovic,00:30:15,1,6,39,0,0,0,5,30,15,1,2,2,14,25,0,0,0,0,0,0,0,1,0,1,0,0,0,0,0,0,0,0,0,0,0,1.076,2.058,0,,C,CTL,
2023-wimbledon-1701,Carlos Alcaraz,Novak Djokovic,00:30:55,1,6,40,0,0,0,5,30,30,1,1,1,15,25,0,0,0,0,1,0,F,0,0,0,0,1,0,1,0,0,0,0,0,0,0,33.492,57.879,9,130.0,B,NCTL,D
2023-wimbledon-1701,Carlos Alcaraz,Novak Djokovic,00:31:36,1,6,41,0,0,0,5,40,30,1,1,1,16,25,1,0,0,0,1,0,F,0,0,0,0,0,1,0,0,0,0,0,0,0,0,16.193,17.993,5,118.0,C,NCTL,D
2023-wimbledon-1701,Carlos Alcaraz,Novak Djokovic,00:32:28,1,7,42,0,0,1,5,0,0,2,1,2,16,26,0,0,0,0,0,0,0,0,0,0,0,0,0,0,0,0,0,0,0,0,0,31.957,36.872,9,117.0,C,NCTL,D
2023-wimbledon-1701,Carlos Alcaraz,Novak Djokovic,00:33:11,1,7,43,0,0,1,5,0,15,2,2,2,16,27,0,0,0,0,0,0,0,0,0,0,0,0,1,0,1,0,0,0,0,0,0,8.491,10.737,3,110.0,C,NCTL,ND
2023-wimbledon-1701,Carlos Alcaraz,Novak Djokovic,00:33:55,1,7,44,0,0,1,5,0,30,2,1,2,16,28,0,0,0,0,0,0,0,0,0,0,0,0,0,0,0,0,0,0,0,0,0,4.404,3.146,1,120.0,C,NCTL,ND
2023-wimbledon-1701,Carlos Alcaraz,Novak Djokovic,00:34:19,1,7,45,0,0,1,5,0,40,2,1,2,16,29,2,2,0,0,0,1,F,0,0,0,0,0,1,0,1,0,0,0,0,0,0,13.498,14.462,5,125.0,W,CTL,ND
2023-wimbledon-1701,Carlos Alcaraz,Novak Djokovic,00:36:28,2,1,46,0,1,0,0,0,0,1,1,1,17,29,0,0,0,0,0,0,0,0,0,0,0,1,0,1,0,0,0,0,0,0,0,24.951,17.213,3,114.0,W,CTL,ND
2023-wimbledon-1701,Carlos Alcaraz,Novak Djokovic,00:36:58,2,1,47,0,1,0,0,15,0,1,1,2,17,30,0,0,0,0,0,0,0,0,0,0,0,0,1,0,1,0,0,0,0,0,0,34.923,42.752,6,129.0,W,NCTL,ND
2023-wimbledon-1701,Carlos Alcaraz,Novak Djokovic,00:37:34,2,1,48,0,1,0,0,15,15,1,1,1,18,30,0,0,0,0,0,0,0,0,0,0,0,1,0,1,0,0,0,0,0,0,0,19.28,18.009,5,126.0,B,CTL,ND
2023-wimbledon-1701,Carlos Alcaraz,Novak Djokovic,00:38:07,2,1,49,0,1,0,0,30,15,1,1,1,19,30,0,0,0,0,0,0,0,0,0,0,0,1,0,1,0,0,0,0,0,0,0,5.36,5.703,1,117.0,W,NCTL,ND
2023-wimbledon-1701,Carlos Alcaraz,Novak Djokovic,00:38:34,2,1,50,0,1,0,0,40,15,1,1,1,20,30,1,0,0,0,0,0,0,0,0,0,0,0,0,0,0,0,0,0,0,0,0,9.236,8.897,1,126.0,BC,NCTL,ND
2023-wimbledon-1701,Carlos Alcaraz,Novak Djokovic,00:39:35,2,2,51,0,1,1,0,0,0,2,2,1,21,30,0,0,0,0,0,0,0,0,1,0,1,0,0,0,0,0,0,0,0,0,0,1.424,0.9,0,,BC,NCTL,
2023-wimbledon-1701,Carlos Alcaraz,Novak Djokovic,00:40:32,2,2,52,0,1,1,0,15,0,2,2,1,22,30,0,0,0,0,0,0,0,0,0,0,0,0,0,0,0,0,0,0,0,0,0,20.745,25.107,6,94.0,B,NCTL,ND
2023-wimbledon-1701,Carlos Alcaraz,Novak Djokovic,00:41:29,2,2,53,0,1,1,0,30,0,2,1,2,22,31,0,0,0,0,0,1,B,0,0,0,0,0,1,0,1,0,0,0,0,0,0,24.814,18.005,5,111.0,BW,NCTL,ND
2023-wimbledon-1701,Carlos Alcaraz,Novak Djokovic,00:42:10,2,2,54,0,1,1,0,30,15,2,2,2,22,32,0,0,0,0,0,1,F,0,0,0,0,0,1,0,1,0,0,0,0,0,0,33.497,30.332,9,107.0,C,NCTL,D
2023-wimbledon-1701,Carlos Alcaraz,Novak Djokovic,00:43:16,2,2,55,0,1,1,0,30,30,2,2,2,22,33,0,0,0,0,0,0,0,0,0,1,0,0,0,0,0,0,0,0,0,0,0,3.971,3.523,1,94.0,BW,NCTL,D
2023-wimbledon-1701,Carlos Alcaraz,Novak Djokovic,00:44:16,2,2,56,0,1,1,0,30,40,2,2,1,23,33,0,0,0,0,1,0,F,0,0,0,0,0,0,0,0,0,0,0,0,0,0,35.076,43.824,10,86.0,B,NCTL,D
2023-wimbledon-1701,Carlos Alcaraz,Novak Djokovic,00:45:23,2,2,57,0,1,1,0,40,40,2,2,1,24,33,0,0,0,0,0,0,0,0,0,0,1,0,1,0,0,0,0,0,0,0,0,16.727,15.5,2,104.0,W,CTL,ND
2023-wimbledon-1701,Carlos Alcaraz,Novak Djokovic,00:46:38,2,2,58,0,1,1,0,AD,40,2,1,2,24,34,0,0,0,0,0,0,0,0,0,0,0,0,0,0,0,1,0,0,0,1,0,7.052,6.806,1,118.0,BC,NCTL,D
2023-wimbledon-1701,Carlos Alcaraz,Novak Djokovic,00:47:10,2,2,59,0,1,1,0,40,40,2,1,1,25,34,0,0,0,0,0,0,0,0,0,0,1,0,1,0,0,0,0,0,0,0,0,31.842,31.118,8,113.0,W,NCTL,ND
2023-wimbledon-1701,Carlos Alcaraz,Novak Djokovic,00:48:01,2,2,60,0,1,1,0,AD,40,2,1,1,26,34,1,0,0,0,0,0,0,0,0,0,1,0,0,0,0,1,0,1,0,0,0,23.419,14.041,4,116.0,C,CTL,ND
2023-wimbledon-1701,Carlos Alcaraz,Novak Djokovic,00:48:48,2,3,61,0,1,2,0,0,0,1,2,2,26,35,0,0,0,0,0,0,0,1,0,1,0,0,0,0,0,0,0,0,0,0,0,5.897,5.002,0,,B,CTL,ND
2023-wimbledon-1701,Carlos Alcaraz,Novak Djokovic,00:49:32,2,3,62,0,1,2,0,0,15,1,2,1,27,35,0,0,0,0,1,0,F,0,0,0,0,1,0,1,0,0,0,0,0,0,0,22.24,23.472,7,93.0,B,NCTL,ND
2023-wimbledon-1701,Carlos Alcaraz,Novak Djokovic,00:50:22,2,3,63,0,1,2,0,15,15,1,1,1,28,35,0,0,0,0,1,0,F,0,0,0,0,0,0,0,0,0,0,0,0,0,0,70.345,65.676,19,125.0,B,NCTL,ND
2023-wimbledon-1701,Carlos Alcaraz,Novak Djokovic,00:51:25,2,3,64,0,1,2,0,30,15,1,1,2,28,36,0,0,0,0,0,1,F,0,0,0,0,1,0,0,0,0,0,0,0,0,0,23.891,17.817,4,120.0,W,NCTL,
2023-wimbledon-1701,Carlos Alcaraz,Novak Djokovic,00:52:06,2,3,65,0,1,2,0,30,30,1,2,1,29,36,0,0,0,0,0,0,0,0,0,0,0,0,0,0,0,0,0,0,0,0,0,9.203,8.788,1,112.0,BC,NCTL,D
2023-wimbledon-1701,Carlos Alcaraz,Novak Djokovic,00:52:49,2,3,66,0,1,2,0,40,30,1,1,2,29,37,0,0,0,0,0,0,0,0,0,1,0,0,0,0,0,0,0,0,0,0,0,37.449,35.296,8,122.0,C,NCTL,D
2023-wimbledon-1701,Carlos Alcaraz,Novak Djokovic,00:53:31,2,3,67,0,1,2,0,40,40,1,1,2,29,38,0,0,0,0,0,0,0,0,0,0,0,0,1,0,1,0,0,0,0,0,0,17.41,29.453,4,115.0,BC,CTL,ND
2023-wimbledon-1701,Carlos Alcaraz,Novak Djokovic,00:54:08,2,3,68,0,1,2,0,40,AD,1,2,2,29,39,2,0,0,0,0,0,0,0,0,1,0,0,0,0,0,0,1,0,1,0,0,40.601,51.537,14,92.0,BW,NCTL,ND
2023-wimbledon-1701,Carlos Alcaraz,Novak Djokovic,00:56:40,2,4,69,0,1,2,1,0,0,2,1,1,30,39,0,0,0,0,0,0,0,0,0,0,1,0,1,0,0,0,0,0,0,0,0,23.385,16.1,4,109.0,W,CTL,ND
2023-wimbledon-1701,Carlos Alcaraz,Novak Djokovic,00:57:17,2,4,70,0,1,2,1,15,0,2,2,1,31,39,0,0,0,0,0,0,0,0,0,0,0,0,0,0,0,0,0,0,0,0,0,35.028,25.613,6,109.0,C,NCTL,ND
2023-wimbledon-1701,Carlos Alcaraz,Novak Djokovic,00:58:25,2,4,71,0,1,2,1,30,0,2,2,2,31,40,0,0,0,0,0,0,0,0,0,1,0,1,0,0,0,0,0,0,0,0,0,15.211,15.539,3,92.0,BC,NCTL,D
2023-wimbledon-1701,Carlos Alcaraz,Novak Djokovic,00:59:14,2,4,72,0,1,2,1,30,15,2,1,2,31,41,0,0,0,0,0,0,0,0,0,0,0,0,0,0,0,0,0,0,0,0,0,4.333,4.169,1,121.0,BW,CTL,D
2023-wimbledon-1701,Carlos Alcaraz,Novak Djokovic,01:00:04,2,4,73,0,1,2,1,30,30,2,2,1,32,41,0,0,0,0,0,0,0,0,0,0,0,0,0,0,0,0,0,0,0,0,0,7.486,6.882,2,99.0,BW,NCTL,D
2023-wimbledon-1701,Carlos Alcaraz,Novak Djokovic,01:01:00,2,4,74,0,1,2,1,40,30,2,1,2,32,42,0,0,0,0,0,0,0,0,0,1,0,0,0,0,0,1,0,0,0,1,0,120.712,93.426,29,118.0,BW,NCTL,ND
2023-wimbledon-1701,Carlos Alcaraz,Novak Djokovic,01:02:27,2,4,75,0,1,2,1,40,40,2,1,2,32,43,0,0,0,0,0,1,F,0,0,0,0,0,1,0,1,0,0,0,0,0,0,23.661,26.537,5,110.0,C,NCTL,D
2023-wimbledon-1701,Carlos Alcaraz,Novak Djokovic,01:03:10,2,4,76,0,1,2,1,40,AD,2,1,2,32,44,2,0,0,0,0,0,0,0,0,0,0,0,0,0,0,0,0,0,0,0,0,5.38,4.131,1,122.0,W,CTL,ND
2023-wimbledon-1701,Carlos Alcaraz,Novak Djokovic,01:03:48,2,5,77,0,1,2,2,0,0,1,2,2,32,45,0,0,0,0,0,0,0,0,0,1,0,0,0,0,0,0,0,0,0,0,0,38.935,38.632,10,105.0,B,NCTL,ND
2023-wimbledon-1701,Carlos Alcaraz,Novak Djokovic,01:04:49,2,5,78,0,1,2,2,0,15,1,1,1,33,45,0,0,0,0,1,0,0,0,0,0,0,0,0,0,0,0,0,0,0,0,0,6.85,4.499,1,126.0,W,CTL,
2023-wimbledon-1701,Carlos Alcaraz,Novak Djokovic,01:05:15,2,5,79,0,1,2,2,15,15,1,1,1,34,45,0,0,0,0,0,0,0,0,0,0,1,0,0,0,0,0,0,0,0,0,0,9.265,19.026,3,113.0,W,NCTL,D
2023-wimbledon-1701,Carlos Alcaraz,Novak Djokovic,01:05:42,2,5,80,0,1,2,2,30,15,1,1,1,35,45,0,0,0,0,0,0,0,0,0,0,0,1,0,1,0,0,0,0,0,0,0,28.725,24.977,7,126.0,C,NCTL,ND
2023-wimbledon-1701,Carlos Alcaraz,Novak Djokovic,01:06:16,2,5,81,0,1,2,2,40,15,1,1,2,35,46,0,0,0,0,0,0,0,0,0,0,0,0,0,0,0,0,0,0,0,0,0,6.492,6.408,2,132.0,C,NCTL,D
2023-wimbledon-1701,Carlos Alcaraz,Novak Djokovic,01:06:42,2,5,82,0,1,2,2,40,30,1,1,2,35,47,0,0,0,0,0,0,0,0,0,0,0,0,1,0,1,0,0,0,0,0,0,42.899,46.159,10,128.0,BW,NCTL,D
2023-wimbledon-1701,Carlos Alcaraz,Novak Djokovic,01:07:32,2,5,83,0,1,2,2,40,40,1,1,1,36,47,0,0,0,0,1,0,B,0,0,0,0,1,0,1,0,0,0,0,0,0,0,21.602,43.401,5,116.0,B,NCTL,ND
2023-wimbledon-1701,Carlos Alcaraz,Novak Djokovic,01:08:08,2,5,84,0,1,2,2,AD,40,1,1,2,36,48,0,0,0,0,0,1,F,0,0,0,0,0,0,0,0,0,0,0,0,0,0,10.362,11.423,4,123.0,C,CTL,D
2023-wimbledon-1701,Carlos Alcaraz,Novak Djokovic,01:08:35,2,5,85,0,1,2,2,40,40,1,2,1,37,48,0,0,0,0,0,0,0,0,0,0,0,0,0,0,0,0,0,0,0,0,0,3.258,3.384,1,124.0,BC,NCTL,ND
2023-wimbledon-1701,Carlos Alcaraz,Novak Djokovic,01:09:18,2,5,86,0,1,2,2,AD,40,1,1,1,38,48,1,0,0,0,0,0,0,0,0,0,1,0,0,0,0,0,0,0,0,0,0,12.167,14.734,3,115.0,B,CTL,ND
2023-wimbledon-1701,Carlos Alcaraz,Novak Djokovic,01:11:20,2,6,87,0,1,3,2,0,0,2,1,1,39,48,0,0,0,0,1,0,B,0,0,0,0,0,1,0,0,0,0,0,0,0,0,66.55,79.221,18,122.0,C,CTL,D
2023-wimbledon-1701,Carlos Alcaraz,Novak Djokovic,01:12:26,2,6,88,0,1,3,2,15,0,2,2,1,40,48,0,0,0,0,1,0,B,0,0,0,0,0,0,0,0,0,0,0,0,0,0,29.367,32.868,10,95.0,BW,NCTL,ND
2023-wimbledon-1701,Carlos Alcaraz,Novak Djokovic,01:13:52,2,6,89,0,1,3,2,30,0,2,2,2,40,49,0,0,0,0,0,0,0,0,0,0,0,0,0,0,0,0,0,0,0,0,0,4.812,4.053,1,101.0,BW,NCTL,D
2023-wimbledon-1701,Carlos Alcaraz,Novak Djokovic,01:14:39,2,6,90,0,1,3,2,30,15,2,1,2,40,50,0,0,0,0,0,1,F,0,0,0,0,0,0,0,0,0,0,0,0,0,0,10.234,7.26,3,115.0,C,NCTL,D
2023-wimbledon-1701,Carlos Alcaraz,Novak Djokovic,01:15:16,2,6,91,0,1,3,2,30,30,2,2,2,40,51,0,0,0,0,0,0,0,0,0,0,0,0,0,0,0,0,0,0,0,0,0,6.781,8.749,1,84.0,B,NCTL,D
2023-wimbledon-1701,Carlos Alcaraz,Novak Djokovic,01:16:02,2,6,92,0,1,3,2,30,40,2,1,2,40,52,2,0,0,0,0,0,0,0,0,0,0,0,0,0,0,0,0,0,0,0,0,6.068,5.941,1,124.0,BW,CTL,D
2023-wimbledon-1701,Carlos Alcaraz,Novak Djokovic,01:16:45,2,7,93,0,1,3,3,0,0,1,2,1,41,52,0,0,0,0,1,0,F,0,0,0,0,1,0,1,0,0,0,0,0,0,0,22.137,24.886,7,109.0,B,NCTL,ND
2023-wimbledon-1701,Carlos Alcaraz,Novak Djokovic,01:17:34,2,7,94,0,1,3,3,15,0,1,1,1,42,52,0,0,0,0,1,0,B,0,0,0,0,0,1,0,0,0,0,0,0,0,0,67.927,70.53,11,129.0,W,NCTL,ND
2023-wimbledon-1701,Carlos Alcaraz,Novak Djokovic,01:18:29,2,7,95,0,1,3,3,30,0,1,2,1,43,52,0,0,0,0,1,0,F,0,0,0,0,0,0,0,0,0,0,0,0,0,0,7.749,7.248,3,100.0,BC,NCTL,ND
2023-wimbledon-1701,Carlos Alcaraz,Novak Djokovic,01:19:11,2,7,96,0,1,3,3,40,0,1,1,1,44,52,1,0,1,0,1,0,0,0,0,0,0,0,0,0,0,0,0,0,0,0,0,0.694,0.879,1,119.0,W,CTL,
2023-wimbledon-1701,Carlos Alcaraz,Novak Djokovic,01:21:22,2,8,97,0,1,4,3,0,0,2,2,2,44,53,0,0,0,0,0,1,F,0,0,0,0,0,0,0,0,0,0,0,0,0,0,10.209,8.91,3,104.0,BW,NCTL,ND
2023-wimbledon-1701,Carlos Alcaraz,Novak Djokovic,01:22:31,2,8,98,0,1,4,3,0,15,2,1,1,45,53,0,0,0,0,0,0,0,0,0,0,0,0,0,0,0,0,0,0,0,0,0,47.513,40.412,12,115.0,C,NCTL,ND
2023-wimbledon-1701,Carlos Alcaraz,Novak Djokovic,01:23:20,2,8,99,0,1,4,3,15,15,2,2,2,45,54,0,0,0,0,0,0,0,0,0,0,0,0,0,0,0,0,0,0,0,0,0,35.813,32.302,9,91.0,C,NCTL,ND
2023-wimbledon-1701,Carlos Alcaraz,Novak Djokovic,01:24:23,2,8,100,0,1,4,3,15,30,2,2,2,45,55,0,0,0,0,0,0,0,0,0,0,0,0,0,0,0,0,0,0,0,0,0,13.188,8.947,3,88.0,B,NCTL,D
2023-wimbledon-1701,Carlos Alcaraz,Novak Djokovic,01:25:13,2,8,101,0,1,4,3,15,40,2,2,2,45,56,2,0,0,0,0,0,0,0,0,1,0,1,0,0,0,0,0,0,0,0,0,5.991,3.844,1,91.0,BC,NCTL,D
2023-wimbledon-1701,Carlos Alcaraz,Novak Djokovic,01:26:03,2,9,102,0,1,4,4,0,0,1,1,2,45,57,0,0,0,0,0,0,0,0,0,1,0,0,0,0,0,0,0,0,0,0,0,5.136,7.151,2,124.0,C,NCTL,ND
2023-wimbledon-1701,Carlos Alcaraz,Novak Djokovic,01:26:31,2,9,103,0,1,4,4,0,15,1,2,1,46,57,0,0,0,0,1,0,F,0,0,0,0,0,0,0,0,0,0,0,0,0,0,21.813,24.744,7,108.0,C,NCTL,ND
2023-wimbledon-1701,Carlos Alcaraz,Novak Djokovic,01:28:01,2,9,104,0,1,4,4,15,15,1,1,1,47,57,0,0,1,0,1,0,0,0,0,0,0,0,0,0,0,0,0,0,0,0,0,4.555,4.901,1,116.0,W,CTL,D
2023-wimbledon-1701,Carlos Alcaraz,Novak Djokovic,01:28:26,2,9,105,0,1,4,4,30,15,1,1,1,48,57,0,0,0,0,0,0,0,0,0,0,0,0,0,0,0,0,0,0,0,0,0,24.445,27.729,5,114.0,C,NCTL,ND
2023-wimbledon-1701,Carlos Alcaraz,Novak Djokovic,01:29:17,2,9,106,0,1,4,4,40,15,1,2,1,49,57,1,0,0,0,0,0,0,0,0,0,0,0,0,0,0,0,0,0,0,0,0,7.039,5.74,1,109.0,W,CTL,ND
2023-wimbledon-1701,Carlos Alcaraz,Novak Djokovic,01:31:34,2,10,107,0,1,5,4,0,0,2,1,1,50,57,0,0,0,0,0,0,0,0,0,0,1,0,0,0,0,0,0,0,0,0,0,9.818,8.185,2,125.0,C,CTL,D
2023-wimbledon-1701,Carlos Alcaraz,Novak Djokovic,01:32:06,2,10,108,0,1,5,4,15,0,2,1,2,50,58,0,0,0,0,0,0,0,0,0,1,0,0,1,0,1,0,0,0,0,0,0,22.897,21.393,5,119.0,C,NCTL,ND
2023-wimbledon-1701,Carlos Alcaraz,Novak Djokovic,01:32:50,2,10,109,0,1,5,4,15,15,2,1,2,50,59,0,0,0,0,0,0,0,0,0,0,0,0,0,0,0,0,0,0,0,0,0,38.314,9.701,3,109.0,W,NCTL,ND
2023-wimbledon-1701,Carlos Alcaraz,Novak Djokovic,01:33:21,2,10,110,0,1,5,4,15,30,2,1,1,51,59,0,0,0,0,0,0,0,0,0,0,0,0,0,0,0,0,0,0,0,0,0,31.111,23.964,8,115.0,C,NCTL,ND
2023-wimbledon-1701,Carlos Alcaraz,Novak Djokovic,01:35:06,2,10,111,0,1,5,4,30,30,2,1,2,51,60,0,0,0,0,0,0,0,0,0,1,0,0,0,0,0,0,0,0,0,0,0,11.433,8.411,3,113.0,BW,NCTL,ND
2023-wimbledon-1701,Carlos Alcaraz,Novak Djokovic,01:35:40,2,10,112,0,1,5,4,30,40,2,1,1,52,60,0,0,0,0,0,0,0,0,0,0,0,0,0,0,0,0,0,0,0,0,0,15.698,11.503,4,123.0,BW,NCTL,ND
2023-wimbledon-1701,Carlos Alcaraz,Novak Djokovic,01:36:21,2,10,113,0,1,5,4,40,40,2,1,2,52,61,0,0,0,0,0,0,0,0,0,1,0,0,0,0,0,0,0,0,0,0,0,46.149,41.892,13,115.0,BW,NCTL,ND
2023-wimbledon-1701,Carlos Alcaraz,Novak Djokovic,01:37:19,2,10,114,0,1,5,4,40,AD,2,2,2,52,62,2,0,0,0,0,0,0,0,0,0,0,0,0,0,0,0,0,0,0,0,0,44.282,51.118,9,85.0,B,NCTL,D
2023-wimbledon-1701,Carlos Alcaraz,Novak Djokovic,01:38:38,2,11,115,0,1,5,5,0,0,1,2,2,52,63,0,0,0,0,0,0,0,0,0,1,0,0,0,0,0,0,0,0,0,0,0,15.082,12.785,4,106.0,BW,NCTL,D
2023-wimbledon-1701,Carlos Alcaraz,Novak Djokovic,01:39:23,2,11,116,0,1,5,5,0,15,1,2,1,53,63,0,0,0,0,0,0,0,0,0,0,0,0,0,0,0,0,0,0,0,0,0,51.171,77.904,15,101.0,BW,NCTL,ND
2023-wimbledon-1701,Carlos Alcaraz,Novak Djokovic,01:40:32,2,11,117,0,1,5,5,15,15,1,1,1,54,63,0,0,0,0,0,0,0,0,0,0,0,0,0,0,0,0,0,0,0,0,0,8.185,5.147,1,110.0,W,CTL,D
2023-wimbledon-1701,Carlos Alcaraz,Novak Djokovic,01:41:01,2,11,118,0,1,5,5,30,15,1,1,1,55,63,0,0,0,0,0,0,0,0,0,0,0,0,0,0,0,0,0,0,0,0,0,2.423,2.431,1,132.0,B,NCTL,D
2023-wimbledon-1701,Carlos Alcaraz,Novak Djokovic,01:41:28,2,11,119,0,1,5,5,40,15,1,1,1,56,63,1,0,0,0,0,0,0,0,0,0,0,0,0,0,0,0,0,0,0,0,0,11.46,11.333,1,126.0,C,CTL,ND
2023-wimbledon-1701,Carlos Alcaraz,Novak Djokovic,01:43:24,2,12,120,0,1,6,5,0,0,2,1,2,56,64,0,0,0,0,0,1,B,0,0,0,0,0,0,0,0,0,0,0,0,0,0,26.376,15.557,5,122.0,C,CTL,ND
2023-wimbledon-1701,Carlos Alcaraz,Novak Djokovic,01:44:03,2,12,121,0,1,6,5,0,15,2,2,1,57,64,0,0,0,0,0,0,0,0,1,0,1,0,0,0,0,0,0,0,0,0,0,12.01,7.658,0,,C,CTL,ND
2023-wimbledon-1701,Carlos Alcaraz,Novak Djokovic,01:45:02,2,12,122,0,1,6,5,15,15,2,2,2,57,65,0,0,0,0,0,0,0,0,0,0,0,0,0,0,0,0,0,0,0,0,0,4.405,3.63,1,103.0,BW,NCTL,D
2023-wimbledon-1701,Carlos Alcaraz,Novak Djokovic,01:45:46,2,12,123,0,1,6,5,15,30,2,1,1,58,65,0,0,0,0,0,0,0,0,0,0,1,0,0,0,0,0,0,0,0,0,0,57.365,26.817,8,122.0,C,NCTL,D
2023-wimbledon-1701,Carlos Alcaraz,Novak Djokovic,01:46:31,2,12,124,0,1,6,5,30,30,2,1,2,58,66,0,0,0,0,0,0,0,0,0,0,0,0,0,0,0,0,0,0,0,0,0,20.863,8.984,1,123.0,C,NCTL,D
2023-wimbledon-1701,Carlos Alcaraz,Novak Djokovic,01:46:59,2,12,125,0,1,6,5,30,40,2,1,2,58,67,2,0,0,0,0,0,0,0,0,0,0,0,0,0,0,0,0,0,0,0,0,9.221,4.985,1,121.0,C,NCTL,D
2023-wimbledon-1701,Carlos Alcaraz,Novak Djokovic,01:47:38,2,13,126,0,1,6,6,0,0,1,2,2,58,68,0,0,0,0,0,0,0,0,0,1,0,0,0,0,0,0,0,0,0,0,0,18.221,19.372,4,106.0,BC,NCTL,D
2023-wimbledon-1701,Carlos Alcaraz,Novak Djokovic,01:48:37,2,13,127,0,1,6,6,0,1,2,1,2,58,69,0,0,0,0,0,0,0,0,0,0,0,0,0,0,0,0,0,0,0,0,0,14.208,9.977,1,118.0,C,NCTL,D
2023-wimbledon-1701,Carlos Alcaraz,Novak Djokovic,01:49:07,2,13,128,0,1,6,6,0,2,2,1,2,58,70,0,0,0,0,0,0,0,0,0,0,0,0,0,0,0,0,0,0,0,0,0,7.534,5.259,1,124.0,C,NCTL,ND
2023-wimbledon-1701,Carlos Alcaraz,Novak Djokovic,01:49:43,2,13,129,0,1,6,6,0,3,1,1,1,59,70,0,0,0,0,0,0,0,0,0,0,0,0,0,0,0,0,0,0,0,0,0,3.906,7.066,1,128.0,W,CTL,D
2023-wimbledon-1701,Carlos Alcaraz,Novak Djokovic,01:50:07,2,13,130,0,1,6,6,1,3,1,1,1,60,70,0,0,1,0,1,0,0,0,0,0,0,0,0,0,0,0,0,0,0,0,0,0.88,0.917,1,109.0,W,CTL,
2023-wimbledon-1701,Carlos Alcaraz,Novak Djokovic,01:50:45,2,13,131,0,1,6,6,2,3,2,1,1,61,70,0,0,0,0,0,0,0,0,0,0,1,0,0,0,0,0,0,0,0,0,0,17.479,7.601,2,123.0,W,CTL,ND
2023-wimbledon-1701,Carlos Alcaraz,Novak Djokovic,01:51:49,2,13,132,0,1,6,6,3,3,2,1,2,61,71,0,0,0,0,0,0,0,0,0,0,0,0,0,0,0,0,0,0,0,0,0,25.206,13.676,5,122.0,C,NCTL,ND
2023-wimbledon-1701,Carlos Alcaraz,Novak Djokovic,01:52:29,2,13,133,0,1,6,6,3,4,1,2,1,62,71,0,0,0,0,1,0,F,0,0,0,0,0,0,0,0,0,0,0,0,0,0,7.205,9.965,3,101.0,W,CTL,ND
2023-wimbledon-1701,Carlos Alcaraz,Novak Djokovic,01:53:15,2,13,134,0,1,6,6,4,4,1,1,1,63,71,0,0,0,0,1,0,F,0,0,0,0,0,0,0,0,0,0,0,0,0,0,49.102,57.632,13,128.0,C,NCTL,ND
2023-wimbledon-1701,Carlos Alcaraz,Novak Djokovic,01:54:58,2,13,135,0,1,6,6,5,4,2,2,2,63,72,0,0,0,0,0,0,0,0,0,0,0,1,0,0,0,0,0,0,0,0,0,19.692,21.44,5,112.0,BC,NCTL,ND
2023-wimbledon-1701,Carlos Alcaraz,Novak Djokovic,01:56:00,2,13,136,0,1,6,6,5,5,2,1,2,63,73,0,0,0,0,0,1,B,0,0,0,0,1,0,0,0,0,0,0,0,0,0,56.398,56.597,17,121.0,C,NCTL,D
2023-wimbledon-1701,Carlos Alcaraz,Novak Djokovic,01:57:02,2,13,137,0,1,6,6,5,6,1,1,1,64,73,0,0,0,0,0,0,0,0,0,0,1,0,0,0,0,0,0,0,0,0,0,22.045,10.921,3,120.0,W,NCTL,D
2023-wimbledon-1701,Carlos Alcaraz,Novak Djokovic,01:58:15,2,13,138,0,1,6,6,6,6,1,2,1,65,73,0,0,0,0,0,0,0,0,0,0,1,0,0,0,0,0,0,0,0,0,0,10.338,11.191,3,97.0,BC,CTL,ND
2023-wimbledon-1701,Carlos Alcaraz,Novak Djokovic,01:59:06,2,13,139,0,1,6,6,7,6,2,1,1,66,73,1,1,0,0,1,0,B,0,0,0,0,0,1,0,0,0,0,0,0,0,0,5.329,5.955,2,118.0,W,CTL,D
2023-wimbledon-1701,Carlos Alcaraz,Novak Djokovic,02:02:01,3,1,140,1,1,0,0,0,0,2,1,1,67,73,0,0,0,0,0,0,0,0,0,0,1,0,0,0,0,0,0,0,0,0,0,14.737,7.867,2,106.0,W,CTL,D
2023-wimbledon-1701,Carlos Alcaraz,Novak Djokovic,02:02:31,3,1,141,1,1,0,0,15,0,2,1,2,67,74,0,0,0,0,0,0,0,0,0,1,0,0,0,0,0,0,0,0,0,0,0,48.376,52.512,13,121.0,W,NCTL,D
2023-wimbledon-1701,Carlos Alcaraz,Novak Djokovic,02:03:20,3,1,142,1,1,0,0,15,15,2,1,2,67,75,0,0,0,1,0,1,0,0,0,0,0,0,0,0,0,0,0,0,0,0,0,6.161,4.586,1,110.0,W,CTL,
2023-wimbledon-1701,Carlos Alcaraz,Novak Djokovic,02:04:02,3,1,143,1,1,0,0,15,30,2,1,1,68,75,0,0,0,0,1,0,B,0,0,0,0,0,0,0,0,0,0,0,0,0,0,21.503,16.386,6,123.0,W,NCTL,ND
2023-wimbledon-1701,Carlos Alcaraz,Novak Djokovic,02:04:40,3,1,144,1,1,0,0,30,30,2,1,1,69,75,0,0,0,0,0,0,0,0,0,0,0,1,0,1,0,0,0,0,0,0,0,61.566,40.594,10,109.0,W,CTL,ND
2023-wimbledon-1701,Carlos Alcaraz,Novak Djokovic,02:05:29,3,1,145,1,1,0,0,40,30,2,2,2,69,76,0,0,0,0,0,0,0,0,0,1,0,0,0,0,0,1,0,0,0,1,0,6.133,5.221,1,91.0,W,CTL,D
2023-wimbledon-1701,Carlos Alcaraz,Novak Djokovic,02:06:14,3,1,146,1,1,0,0,40,40,2,1,1,70,76,0,0,0,0,1,0,B,0,0,0,0,0,1,0,0,0,0,0,0,0,0,40.155,39.991,12,125.0,B,NCTL,ND
2023-wimbledon-1701,Carlos Alcaraz,Novak Djokovic,02:07:43,3,1,147,1,1,0,0,AD,40,2,2,1,71,76,1,0,0,0,0,0,0,0,0,0,1,0,0,0,0,1,0,1,0,0,0,17.37,16.764,4,83.0,B,NCTL,ND
2023-wimbledon-1701,Carlos Alcaraz,Novak Djokovic,02:09:21,3,2,148,1,1,1,0,0,0,1,1,2,71,77,0,0,0,0,0,0,0,0,0,1,0,0,0,0,0,0,0,0,0,0,0,82.852,81.82,18,113.0,BW,NCTL,
2023-wimbledon-1701,Carlos Alcaraz,Novak Djokovic,02:10:13,3,2,149,1,1,1,0,0,15,1,1,1,72,77,0,0,0,0,0,0,0,0,0,0,0,0,0,0,0,0,0,0,0,0,0,6.12,8.534,1,120.0,C,NCTL,ND
2023-wimbledon-1701,Carlos Alcaraz,Novak Djokovic,02:10:37,3,2,150,1,1,1,0,15,15,1,1,1,73,77,0,0,0,0,0,0,0,0,0,0,0,0,0,0,0,0,0,0,0,0,0,4.728,7.153,1,120.0,BC,CTL,D
2023-wimbledon-1701,Carlos Alcaraz,Novak Djokovic,02:11:03,3,2,151,1,1,1,0,30,15,1,2,1,74,77,0,0,0,0,0,0,0,0,0,0,1,0,0,0,0,0,0,0,0,0,0,12.798,9.835,3,91.0,BW,NCTL,D
2023-wimbledon-1701,Carlos Alcaraz,Novak Djokovic,02:11:49,3,2,152,1,1,1,0,40,15,1,2,2,74,78,0,0,0,0,0,0,0,0,0,1,0,0,0,0,0,0,0,0,0,0,0,17.795,20.948,4,96.0,B,NCTL,D
2023-wimbledon-1701,Carlos Alcaraz,Novak Djokovic,02:12:32,3,2,153,1,1,1,0,40,30,1,1,1,75,78,1,0,0,0,0,0,0,0,0,0,0,0,0,0,0,0,0,0,0,0,0,5.943,9.73,1,126.0,B,NCTL,ND
2023-wimbledon-1701,Carlos Alcaraz,Novak Djokovic,02:13:01,3,3,154,1,1,2,0,0,0,2,1,2,75,79,0,0,0,0,0,0,0,0,0,0,0,0,0,0,0,0,0,0,0,0,0,5.689,4.021,1,120.0,C,NCTL,ND
2023-wimbledon-1701,Carlos Alcaraz,Novak Djokovic,02:13:21,3,3,155,1,1,2,0,0,15,2,1,1,76,79,0,0,0,0,1,0,F,0,0,0,0,1,0,1,0,0,0,0,0,0,0,59.146,47.871,16,120.0,W,NCTL,D
2023-wimbledon-1701,Carlos Alcaraz,Novak Djokovic,02:14:16,3,3,156,1,1,2,0,15,15,2,1,1,77,79,0,0,0,0,0,0,0,0,0,0,1,0,0,0,0,0,0,0,0,0,0,22.259,21.156,6,120.0,C,NCTL,D
2023-wimbledon-1701,Carlos Alcaraz,Novak Djokovic,02:14:54,3,3,157,1,1,2,0,30,15,2,2,2,77,80,0,0,0,0,0,0,0,0,0,0,0,0,1,0,1,0,0,0,0,0,0,50.638,36.217,11,101.0,BW,CTL,ND
2023-wimbledon-1701,Carlos Alcaraz,Novak Djokovic,02:16:00,3,3,158,1,1,2,0,30,30,2,1,2,77,81,0,0,0,0,0,0,0,0,0,0,0,0,0,0,0,0,0,0,0,0,0,10.845,5.871,1,115.0,W,CTL,D
2023-wimbledon-1701,Carlos Alcaraz,Novak Djokovic,02:16:45,3,3,159,1,1,2,0,30,40,2,2,2,77,82,2,0,0,0,0,0,0,0,0,0,0,0,0,0,0,0,0,0,0,0,0,6.171,4.287,1,109.0,BC,NCTL,ND
2023-wimbledon-1701,Carlos Alcaraz,Novak Djokovic,02:19:00,3,4,160,1,1,2,1,0,0,1,1,1,78,82,0,0,0,0,0,0,0,0,0,0,1,0,0,0,0,0,0,0,0,0,0,36.011,77.318,11,115.0,W,CTL,ND
2023-wimbledon-1701,Carlos Alcaraz,Novak Djokovic,02:19:40,3,4,161,1,1,2,1,15,0,1,1,2,78,83,0,0,0,0,0,0,0,0,0,1,0,1,0,0,0,0,0,0,0,0,0,9.308,12.899,2,114.0,C,NCTL,ND
2023-wimbledon-1701,Carlos Alcaraz,Novak Djokovic,02:20:07,3,4,162,1,1,2,1,15,15,1,1,2,78,84,0,0,0,0,0,0,0,0,0,1,0,1,0,0,0,0,0,0,0,0,0,15.465,16.482,4,113.0,BC,NCTL,ND
2023-wimbledon-1701,Carlos Alcaraz,Novak Djokovic,02:20:41,3,4,163,1,1,2,1,15,30,1,2,2,78,85,0,0,0,0,0,0,0,0,0,1,0,0,0,0,0,0,0,0,0,0,0,33.253,33.692,10,102.0,BW,NCTL,ND
2023-wimbledon-1701,Carlos Alcaraz,Novak Djokovic,02:21:37,3,4,164,1,1,2,1,15,40,1,2,1,79,85,0,0,0,0,0,0,0,0,0,0,1,0,0,0,0,0,1,0,0,0,1,30.944,34.291,9,102.0,BC,NCTL,ND
2023-wimbledon-1701,Carlos Alcaraz,Novak Djokovic,02:22:32,3,4,165,1,1,2,1,30,40,1,2,1,80,85,0,0,0,0,1,0,0,0,0,0,0,0,0,0,0,0,1,0,0,0,1,1.526,1.532,1,112.0,BC,NCTL,
2023-wimbledon-1701,Carlos Alcaraz,Novak Djokovic,02:23:42,3,4,166,1,1,2,1,40,40,1,2,1,81,85,0,0,0,0,1,0,F,0,0,0,0,1,0,1,0,0,0,0,0,0,0,11.614,10.625,3,97.0,C,NCTL,ND
2023-wimbledon-1701,Carlos Alcaraz,Novak Djokovic,02:24:29,3,4,167,1,1,2,1,AD,40,1,1,1,82,85,1,0,0,0,0,0,0,0,0,0,0,0,0,0,0,0,0,0,0,0,0,7.867,6.42,1,128.0,C,NCTL,D
2023-wimbledon-1701,Carlos Alcaraz,Novak Djokovic,02:26:08,3,5,168,1,1,3,1,0,0,2,1,1,83,85,0,0,0,0,0,0,0,0,0,0,0,0,1,0,0,0,0,0,0,0,0,11.662,11.26,2,109.0,W,NCTL,
2023-wimbledon-1701,Carlos Alcaraz,Novak Djokovic,02:26:35,3,5,169,1,1,3,1,15,0,2,2,2,83,86,0,0,0,0,0,0,0,0,0,0,0,0,0,0,0,0,0,0,0,0,0,5.66,5.121,1,109.0,BC,NCTL,D
2023-wimbledon-1701,Carlos Alcaraz,Novak Djokovic,02:27:11,3,5,170,1,1,3,1,15,15,2,2,2,83,87,0,0,0,0,0,0,0,0,0,0,0,0,0,0,0,0,0,0,0,0,0,11.628,10.26,3,87.0,BC,NCTL,D
2023-wimbledon-1701,Carlos Alcaraz,Novak Djokovic,02:28:31,3,5,171,1,1,3,1,15,30,2,2,2,83,88,0,0,0,0,0,1,B,0,0,0,0,0,1,0,1,0,0,0,0,0,0,22.347,20.587,5,84.0,BW,NCTL,ND
2023-wimbledon-1701,Carlos Alcaraz,Novak Djokovic,02:29:41,3,5,172,1,1,3,1,15,40,2,2,1,84,88,0,0,0,0,1,0,F,0,0,0,0,1,0,1,0,0,0,0,0,0,0,14.057,10.284,4,92.0,C,NCTL,ND
2023-wimbledon-1701,Carlos Alcaraz,Novak Djokovic,02:30:22,3,5,173,1,1,3,1,30,40,2,1,1,85,88,0,0,0,0,0,0,0,0,0,0,1,0,0,0,0,0,0,0,0,0,0,10.594,9.202,2,118.0,BW,NCTL,ND
2023-wimbledon-1701,Carlos Alcaraz,Novak Djokovic,02:30:52,3,5,174,1,1,3,1,40,40,2,2,2,85,89,0,0,0,0,0,1,F,0,0,0,0,0,1,0,1,0,0,0,0,0,0,8.528,5.6,3,98.0,C,NCTL,ND
2023-wimbledon-1701,Carlos Alcaraz,Novak Djokovic,02:31:32,3,5,175,1,1,3,1,40,AD,2,2,1,86,89,0,0,0,0,0,0,0,0,0,0,0,0,0,0,0,0,0,0,0,0,0,49.295,41.442,12,93.0,B,NCTL,ND
2023-wimbledon-1701,Carlos Alcaraz,Novak Djokovic,02:32:34,3,5,176,1,1,3,1,40,40,2,1,2,86,90,0,0,0,0,0,1,B,0,0,0,0,0,0,0,0,0,0,0,0,0,0,30.711,22.401,9,110.0,W,CTL,ND
2023-wimbledon-1701,Carlos Alcaraz,Novak Djokovic,02:33:15,3,5,177,1,1,3,1,40,AD,2,1,1,87,90,0,0,0,0,0,0,0,0,0,0,1,0,0,0,0,0,0,0,0,0,0,17.179,9.529,2,115.0,BW,CTL,ND
2023-wimbledon-1701,Carlos Alcaraz,Novak Djokovic,02:34:06,3,5,178,1,1,3,1,40,40,2,1,1,88,90,0,0,0,0,0,0,0,0,0,0,1,0,0,0,0,0,0,0,0,0,0,12.06,8.731,2,120.0,C,NCTL,D
2023-wimbledon-1701,Carlos Alcaraz,Novak Djokovic,02:34:44,3,5,179,1,1,3,1,AD,40,2,1,2,88,91,0,0,0,0,0,0,0,0,0,0,0,0,0,0,0,1,0,0,0,1,0,23.133,17.896,5,122.0,C,NCTL,D
2023-wimbledon-1701,Carlos Alcaraz,Novak Djokovic,02:35:17,3,5,180,1,1,3,1,40,40,2,2,2,88,92,0,0,0,0,0,1,F,0,0,0,0,0,0,0,0,0,0,0,0,0,0,19.597,19.454,7,105.0,B,NCTL,ND
2023-wimbledon-1701,Carlos Alcaraz,Novak Djokovic,02:36:24,3,5,181,1,1,3,1,40,AD,2,1,1,89,92,0,0,0,0,0,0,0,0,0,0,1,0,0,0,0,0,0,0,0,0,0,16.92,13.841,4,109.0,C,NCTL,ND
2023-wimbledon-1701,Carlos Alcaraz,Novak Djokovic,02:38:07,3,5,182,1,1,3,1,40,40,2,2,1,90,92,0,0,0,0,0,0,0,0,1,0,1,0,0,0,0,0,0,0,0,0,0,4.841,3.234,0,,W,CTL,ND
2023-wimbledon-1701,Carlos Alcaraz,Novak Djokovic,02:38:49,3,5,183,1,1,3,1,AD,40,2,1,2,90,93,0,0,0,0,0,0,0,0,0,0,0,0,0,0,0,1,0,0,0,1,0,26.683,28.15,7,118.0,W,NCTL,D
2023-wimbledon-1701,Carlos Alcaraz,Novak Djokovic,02:39:29,3,5,184,1,1,3,1,40,40,2,1,2,90,94,0,0,0,0,0,1,F,0,0,0,0,0,1,0,1,0,0,0,0,0,0,32.655,18.565,7,120.0,C,NCTL,ND
2023-wimbledon-1701,Carlos Alcaraz,Novak Djokovic,02:40:07,3,5,185,1,1,3,1,40,AD,2,2,1,91,94,0,0,0,0,0,0,0,0,0,0,0,0,0,0,0,0,0,0,0,0,0,9.576,7.279,2,89.0,BW,NCTL,ND
2023-wimbledon-1701,Carlos Alcaraz,Novak Djokovic,02:41:01,3,5,186,1,1,3,1,40,40,2,2,1,92,94,0,0,0,0,0,0,0,0,0,0,1,0,0,0,0,0,0,0,0,0,0,49.941,49.722,14,111.0,BW,NCTL,ND
2023-wimbledon-1701,Carlos Alcaraz,Novak Djokovic,02:42:05,3,5,187,1,1,3,1,AD,40,2,1,2,92,95,0,0,0,0,0,0,0,0,0,0,0,0,1,0,1,1,0,0,0,1,0,15.414,12.083,3,117.0,C,NCTL,ND
2023-wimbledon-1701,Carlos Alcaraz,Novak Djokovic,02:42:38,3,5,188,1,1,3,1,40,40,2,1,2,92,96,0,0,0,0,0,0,0,0,0,1,0,0,0,0,0,0,0,0,0,0,0,21.307,19.946,5,122.0,C,NCTL,ND
2023-wimbledon-1701,Carlos Alcaraz,Novak Djokovic,02:43:11,3,5,189,1,1,3,1,40,AD,2,1,1,93,96,0,0,0,0,0,0,0,0,0,0,1,0,0,0,0,0,0,0,0,0,0,39.681,33.505,10,120.0,BC,NCTL,ND
2023-wimbledon-1701,Carlos Alcaraz,Novak Djokovic,02:44:03,3,5,190,1,1,3,1,40,40,2,2,1,94,96,0,0,0,0,0,0,0,0,0,0,0,0,0,0,0,0,0,0,0,0,0,32.354,34.417,8,93.0,B,NCTL,ND
2023-wimbledon-1701,Carlos Alcaraz,Novak Djokovic,02:45:06,3,5,191,1,1,3,1,AD,40,2,1,2,94,97,0,0,0,0,0,0,0,0,0,0,0,0,1,0,1,1,0,0,0,1,0,18.119,15.185,3,122.0,W,CTL,
2023-wimbledon-1701,Carlos Alcaraz,Novak Djokovic,02:45:39,3,5,192,1,1,3,1,40,40,2,2,1,95,97,0,0,0,0,0,0,0,0,0,0,1,0,1,0,0,0,0,0,0,0,0,24.36,14.498,4,111.0,W,NCTL,ND
2023-wimbledon-1701,Carlos Alcaraz,Novak Djokovic,02:46:35,3,5,193,1,1,3,1,AD,40,2,1,2,95,98,0,0,0,0,0,0,0,0,0,0,0,0,0,0,0,1,0,0,0,1,0,8.69,5.85,1,120.0,C,NCTL,ND
2023-wimbledon-1701,Carlos Alcaraz,Novak Djokovic,02:47:01,3,5,194,1,1,3,1,40,40,2,1,1,96,98,0,0,0,0,0,0,0,0,0,0,0,0,0,0,0,0,0,0,0,0,0,33.074,32.149,8,118.0,C,CTL,D
2023-wimbledon-1701,Carlos Alcaraz,Novak Djokovic,02:47:47,3,5,195,1,1,3,1,AD,40,2,2,2,96,99,0,0,0,0,0,0,0,0,0,0,0,0,0,0,0,1,0,0,0,1,0,12.75,13.536,1,107.0,BC,NCTL,D
2023-wimbledon-1701,Carlos Alcaraz,Novak Djokovic,02:48:55,3,5,196,1,1,3,1,40,40,2,2,2,96,100,0,0,0,0,0,0,0,0,0,1,0,0,0,0,0,0,0,0,0,0,0,33.545,25.644,9,102.0,BW,NCTL,ND
2023-wimbledon-1701,Carlos Alcaraz,Novak Djokovic,02:50:04,3,5,197,1,1,3,1,40,AD,2,2,1,97,100,0,0,0,0,1,0,B,0,0,0,0,0,1,0,0,0,0,0,0,0,0,41.181,29.979,10,101.0,BC,NCTL,ND
2023-wimbledon-1701,Carlos Alcaraz,Novak Djokovic,02:51:11,3,5,198,1,1,3,1,40,40,2,1,1,98,100,0,0,0,0,0,0,0,0,0,0,1,0,0,0,0,0,0,0,0,0,0,51.822,38.664,10,113.0,W,CTL,ND
2023-wimbledon-1701,Carlos Alcaraz,Novak Djokovic,02:52:06,3,5,199,1,1,3,1,AD,40,2,1,1,99,100,1,0,0,0,0,0,0,0,0,0,1,0,0,0,0,1,0,1,0,0,0,8.884,6.658,2,123.0,B,CTL,ND
2023-wimbledon-1701,Carlos Alcaraz,Novak Djokovic,02:54:24,3,6,200,1,1,4,1,0,0,1,1,1,100,100,0,0,0,0,0,0,0,0,0,0,0,0,0,0,0,0,0,0,0,0,0,8.389,9.606,1,129.0,B,NCTL,D
2023-wimbledon-1701,Carlos Alcaraz,Novak Djokovic,02:54:45,3,6,201,1,1,4,1,15,0,1,1,1,101,100,0,0,0,0,0,0,0,0,0,0,1,0,0,0,0,0,0,0,0,0,0,22.923,24.883,5,119.0,C,NCTL,ND
2023-wimbledon-1701,Carlos Alcaraz,Novak Djokovic,02:55:21,3,6,202,1,1,4,1,30,0,1,1,1,102,100,0,0,0,0,0,0,0,0,0,0,0,0,0,0,0,0,0,0,0,0,0,3.746,3.473,1,114.0,BC,CTL,ND
2023-wimbledon-1701,Carlos Alcaraz,Novak Djokovic,02:55:41,3,6,203,1,1,4,1,40,0,1,1,2,102,101,0,0,0,0,0,0,0,0,0,0,0,0,0,0,0,0,0,0,0,0,0,6.683,9.284,2,120.0,W,CTL,D
2023-wimbledon-1701,Carlos Alcaraz,Novak Djokovic,02:56:03,3,6,204,1,1,4,1,40,15,1,2,1,103,101,1,0,0,0,0,0,0,0,0,0,0,0,0,0,0,0,0,0,0,0,0,10.654,8.278,1,112.0,C,NCTL,D
2023-wimbledon-1701,Carlos Alcaraz,Novak Djokovic,02:57:04,3,7,205,1,1,5,1,0,0,2,1,1,104,101,0,0,0,0,1,0,F,0,0,0,0,0,1,0,0,0,0,0,0,0,0,10.872,10.246,4,111.0,BW,CTL,ND
2023-wimbledon-1701,Carlos Alcaraz,Novak Djokovic,02:57:28,3,7,206,1,1,5,1,15,0,2,2,1,105,101,0,0,0,0,1,0,F,0,0,0,0,0,0,0,0,0,0,0,0,0,0,5.061,3.435,2,108.0,BC,NCTL,ND
2023-wimbledon-1701,Carlos Alcaraz,Novak Djokovic,02:58:04,3,7,207,1,1,5,1,30,0,2,1,1,106,101,0,0,0,0,0,0,0,0,0,0,1,0,1,0,0,0,0,0,0,0,0,12.479,9.074,2,118.0,C,NCTL,
2023-wimbledon-1701,Carlos Alcaraz,Novak Djokovic,02:58:24,3,7,208,1,1,5,1,40,0,2,1,2,106,102,0,0,0,0,0,0,0,0,0,0,0,0,1,0,1,1,0,0,0,1,0,4.957,5.897,1,119.0,BW,NCTL,D
2023-wimbledon-1701,Carlos Alcaraz,Novak Djokovic,02:58:42,3,7,209,1,1,5,1,40,15,2,1,1,107,102,1,1,0,0,1,0,B,0,0,0,0,0,1,0,0,1,0,1,0,0,0,11.257,11.635,4,121.0,BC,NCTL,
2023-wimbledon-1701,Carlos Alcaraz,Novak Djokovic,03:06:09,4,1,210,2,1,0,0,0,0,1,1,2,107,103,0,0,0,0,0,0,0,0,0,0,0,0,0,0,0,0,0,0,0,0,0,17.067,18.813,4,116.0,BW,NCTL,ND
2023-wimbledon-1701,Carlos Alcaraz,Novak Djokovic,03:06:36,4,1,211,2,1,0,0,0,15,1,2,2,107,104,0,0,0,0,0,0,0,1,0,1,0,0,0,0,0,0,0,0,0,0,0,3.792,3.847,0,,BW,CTL,
2023-wimbledon-1701,Carlos Alcaraz,Novak Djokovic,03:07:16,4,1,212,2,1,0,0,0,30,1,1,1,108,104,0,0,0,0,0,0,0,0,0,0,0,0,0,0,0,0,0,0,0,0,0,5.53,6.285,1,130.0,C,NCTL,ND
2023-wimbledon-1701,Carlos Alcaraz,Novak Djokovic,03:07:56,4,1,213,2,1,0,0,15,30,1,1,1,109,104,0,0,0,0,0,0,0,0,0,0,0,0,0,0,0,0,0,0,0,0,0,18.118,31.364,5,128.0,BW,CTL,ND
2023-wimbledon-1701,Carlos Alcaraz,Novak Djokovic,03:08:31,4,1,214,2,1,0,0,30,30,1,1,1,110,104,0,0,0,0,0,0,0,0,0,0,0,1,0,1,0,0,0,0,0,0,0,36.133,28.944,5,118.0,BC,NCTL,ND
2023-wimbledon-1701,Carlos Alcaraz,Novak Djokovic,03:09:09,4,1,215,2,1,0,0,40,30,1,1,1,111,104,1,0,0,0,0,0,0,0,0,0,0,1,0,1,0,0,0,0,0,0,0,8.777,21.412,1,123.0,C,NCTL,ND
2023-wimbledon-1701,Carlos Alcaraz,Novak Djokovic,03:10:06,4,2,216,2,1,1,0,0,0,2,1,1,112,104,0,0,0,0,0,0,0,0,0,0,0,0,0,0,0,0,0,0,0,0,0,121.06,36.759,12,108.0,BW,NCTL,ND
2023-wimbledon-1701,Carlos Alcaraz,Novak Djokovic,03:10:52,4,2,217,2,1,1,0,15,0,2,1,1,113,104,0,0,0,0,1,0,B,0,0,0,0,0,0,0,0,0,0,0,0,0,0,13.512,12.899,2,123.0,W,CTL,D
2023-wimbledon-1701,Carlos Alcaraz,Novak Djokovic,03:11:45,4,2,218,2,1,1,0,30,0,2,1,2,113,105,0,0,0,0,0,0,0,0,0,0,0,0,1,0,1,0,0,0,0,0,0,31.47,17.893,3,121.0,C,NCTL,ND
2023-wimbledon-1701,Carlos Alcaraz,Novak Djokovic,03:12:16,4,2,219,2,1,1,0,30,15,2,2,1,114,105,0,0,0,0,1,0,F,0,0,0,0,0,0,0,0,0,0,0,0,0,0,11.387,10.959,4,90.0,B,NCTL,ND
2023-wimbledon-1701,Carlos Alcaraz,Novak Djokovic,03:13:16,4,2,220,2,1,1,0,40,15,2,2,2,114,106,0,0,0,0,0,0,0,0,0,0,0,0,0,0,0,1,0,0,0,1,0,30.656,18.453,5,105.0,W,CTL,ND
2023-wimbledon-1701,Carlos Alcaraz,Novak Djokovic,03:14:05,4,2,221,2,1,1,0,40,30,2,1,2,114,107,0,0,0,0,0,0,0,0,0,0,0,0,0,0,0,1,0,0,0,1,0,43.231,20.94,5,117.0,C,NCTL,D
2023-wimbledon-1701,Carlos Alcaraz,Novak Djokovic,03:14:43,4,2,222,2,1,1,0,40,40,2,1,2,114,108,0,0,0,0,0,1,F,0,0,0,0,0,1,0,1,0,0,0,0,0,0,41.1,15.414,5,124.0,C,CTL,ND
2023-wimbledon-1701,Carlos Alcaraz,Novak Djokovic,03:15:18,4,2,223,2,1,1,0,40,AD,2,2,2,114,109,2,0,0,0,0,0,0,0,0,0,0,0,0,0,0,0,0,0,0,0,0,8.022,6.599,1,107.0,C,NCTL,ND
2023-wimbledon-1701,Carlos Alcaraz,Novak Djokovic,03:16:06,4,3,224,2,1,1,1,0,0,1,2,1,115,109,0,0,0,0,0,0,0,0,0,0,0,0,0,0,0,0,0,0,0,0,0,3.852,4.127,1,111.0,BC,NCTL,D
2023-wimbledon-1701,Carlos Alcaraz,Novak Djokovic,03:16:43,4,3,225,2,1,1,1,15,0,1,2,2,115,110,0,0,0,0,0,0,0,1,0,1,0,0,0,0,0,0,0,0,0,0,0,5.689,5.561,0,,BW,CTL,ND
2023-wimbledon-1701,Carlos Alcaraz,Novak Djokovic,03:17:19,4,3,226,2,1,1,1,15,15,1,1,1,116,110,0,0,0,0,1,0,B,0,0,0,0,1,0,1,0,0,0,0,0,0,0,12.932,13.51,5,123.0,C,NCTL,ND
2023-wimbledon-1701,Carlos Alcaraz,Novak Djokovic,03:17:52,4,3,227,2,1,1,1,30,15,1,1,1,117,110,0,0,1,0,1,0,0,0,0,0,0,0,0,0,0,0,0,0,0,0,0,1.086,1.156,1,118.0,C,CTL,
2023-wimbledon-1701,Carlos Alcaraz,Novak Djokovic,03:18:16,4,3,228,2,1,1,1,40,15,1,2,2,117,111,0,0,0,0,0,0,0,0,0,0,0,1,0,0,0,0,0,0,0,0,0,36.918,22.42,6,116.0,C,NCTL,D
2023-wimbledon-1701,Carlos Alcaraz,Novak Djokovic,03:19:10,4,3,229,2,1,1,1,40,30,1,2,2,117,112,0,0,0,0,0,0,0,0,0,0,0,0,0,0,0,0,0,0,0,0,0,15.274,14.373,4,98.0,W,CTL,D
2023-wimbledon-1701,Carlos Alcaraz,Novak Djokovic,03:19:56,4,3,230,2,1,1,1,40,40,1,1,1,118,112,0,0,0,0,1,0,B,0,0,0,0,1,0,1,0,0,0,0,0,0,0,16.661,15.453,5,130.0,BC,CTL,ND
2023-wimbledon-1701,Carlos Alcaraz,Novak Djokovic,03:20:31,4,3,231,2,1,1,1,AD,40,1,2,2,118,113,0,0,0,0,0,0,0,1,0,1,0,0,0,0,0,0,0,0,0,0,0,2.932,2.271,0,,BC,NCTL,
2023-wimbledon-1701,Carlos Alcaraz,Novak Djokovic,03:21:09,4,3,232,2,1,1,1,40,40,1,1,1,119,113,0,0,1,0,1,0,0,0,0,0,0,0,0,0,0,0,0,0,0,0,0,1.02,0.992,1,114.0,W,CTL,
2023-wimbledon-1701,Carlos Alcaraz,Novak Djokovic,03:21:39,4,3,233,2,1,1,1,AD,40,1,2,2,119,114,0,0,0,0,0,1,F,0,0,0,0,0,0,0,0,0,0,0,0,0,0,20.326,21.163,6,89.0,BW,NCTL,ND
2023-wimbledon-1701,Carlos Alcaraz,Novak Djokovic,03:22:27,4,3,234,2,1,1,1,40,40,1,2,1,120,114,0,0,0,0,1,0,F,0,0,0,0,1,0,1,0,0,0,0,0,0,0,48.671,52.041,15,102.0,BW,NCTL,D
2023-wimbledon-1701,Carlos Alcaraz,Novak Djokovic,03:23:33,4,3,235,2,1,1,1,AD,40,1,1,1,121,114,1,0,0,0,0,0,0,0,0,0,1,0,0,0,0,0,0,0,0,0,0,16.84,13.018,3,114.0,BW,CTL,D
2023-wimbledon-1701,Carlos Alcaraz,Novak Djokovic,03:25:30,4,4,236,2,1,2,1,0,0,2,1,2,121,115,0,0,0,0,0,1,F,0,0,0,0,0,1,0,1,0,0,0,0,0,0,41.564,37.508,11,113.0,BW,NCTL,ND
2023-wimbledon-1701,Carlos Alcaraz,Novak Djokovic,03:26:14,4,4,237,2,1,2,1,0,15,2,1,2,121,116,0,0,0,0,0,0,0,0,0,0,0,0,0,0,0,0,0,0,0,0,0,10.943,9.634,1,112.0,C,CTL,D
2023-wimbledon-1701,Carlos Alcaraz,Novak Djokovic,03:26:55,4,4,238,2,1,2,1,0,30,2,2,1,122,116,0,0,0,0,1,0,F,0,0,0,0,0,1,0,0,0,0,0,0,0,0,35.75,34.032,10,95.0,B,NCTL,ND
2023-wimbledon-1701,Carlos Alcaraz,Novak Djokovic,03:27:55,4,4,239,2,1,2,1,15,30,2,1,1,123,116,0,0,0,0,0,0,0,0,0,0,0,0,0,0,0,0,0,0,0,0,0,43.248,19.176,6,120.0,B,NCTL,ND
2023-wimbledon-1701,Carlos Alcaraz,Novak Djokovic,03:28:35,4,4,240,2,1,2,1,30,30,2,2,2,123,117,0,0,0,0,0,0,0,0,0,0,0,0,1,0,1,0,0,0,0,0,0,10.007,6.415,3,94.0,B,NCTL,D
2023-wimbledon-1701,Carlos Alcaraz,Novak Djokovic,03:29:38,4,4,241,2,1,2,1,30,40,2,1,1,124,117,0,0,0,0,1,0,F,0,0,0,0,0,1,0,0,0,0,0,0,0,0,33.438,20.132,6,121.0,B,CTL,D
2023-wimbledon-1701,Carlos Alcaraz,Novak Djokovic,03:30:20,4,4,242,2,1,2,1,40,40,2,2,2,124,118,0,0,0,0,0,0,0,0,0,0,0,0,1,0,1,0,0,0,0,0,0,25.741,27.255,5,90.0,W,NCTL,ND
2023-wimbledon-1701,Carlos Alcaraz,Novak Djokovic,03:31:20,4,4,243,2,1,2,1,40,AD,2,1,2,124,119,2,0,0,0,0,1,F,0,0,0,0,0,0,0,0,0,0,0,0,0,0,36.659,32.905,9,117.0,BW,NCTL,ND
2023-wimbledon-1701,Carlos Alcaraz,Novak Djokovic,03:32:08,4,5,244,2,1,2,2,0,0,1,2,1,125,119,0,0,0,0,0,0,0,0,0,0,0,1,0,1,0,0,0,0,0,0,0,27.334,29.792,5,100.0,B,NCTL,ND
2023-wimbledon-1701,Carlos Alcaraz,Novak Djokovic,03:32:56,4,5,245,2,1,2,2,15,0,1,2,2,125,120,0,0,0,0,0,1,B,0,0,0,0,0,1,0,1,0,0,0,0,0,0,25.959,24.598,6,94.0,BW,NCTL,D
2023-wimbledon-1701,Carlos Alcaraz,Novak Djokovic,03:33:46,4,5,246,2,1,2,2,15,15,1,1,1,126,120,0,0,0,0,0,0,0,0,0,0,1,0,0,0,0,0,0,0,0,0,0,11.339,12.646,3,122.0,B,CTL,D
2023-wimbledon-1701,Carlos Alcaraz,Novak Djokovic,03:34:15,4,5,247,2,1,2,2,30,15,1,1,2,126,121,0,0,0,0,0,0,0,0,0,1,0,1,0,0,0,0,0,0,0,0,0,9.536,6.996,2,119.0,B,NCTL,
2023-wimbledon-1701,Carlos Alcaraz,Novak Djokovic,03:34:49,4,5,248,2,1,2,2,30,30,1,1,2,126,122,0,0,0,0,0,0,0,0,0,0,0,0,0,0,0,0,0,0,0,0,0,20.723,34.85,6,114.0,BC,NCTL,D
2023-wimbledon-1701,Carlos Alcaraz,Novak Djokovic,03:35:30,4,5,249,2,1,2,2,30,40,1,2,1,127,122,0,0,0,0,0,0,0,0,0,0,1,0,0,0,0,0,1,0,0,0,1,19.694,15.593,3,100.0,BW,NCTL,ND
2023-wimbledon-1701,Carlos Alcaraz,Novak Djokovic,03:36:20,4,5,250,2,1,2,2,40,40,1,2,2,127,123,0,0,0,0,0,0,0,0,0,0,0,0,0,0,0,0,0,0,0,0,0,5.034,6.864,2,111.0,W,CTL,
2023-wimbledon-1701,Carlos Alcaraz,Novak Djokovic,03:37:46,4,5,251,2,1,2,2,40,AD,1,1,1,128,123,0,0,0,0,1,0,F,0,0,0,0,1,0,1,0,0,1,0,0,0,1,10.476,22.59,3,126.0,B,NCTL,ND
2023-wimbledon-1701,Carlos Alcaraz,Novak Djokovic,03:38:20,4,5,252,2,1,2,2,40,40,1,1,2,128,124,0,0,0,0,0,0,0,0,0,0,0,0,0,0,0,0,0,0,0,0,0,13.966,19.392,4,130.0,C,NCTL,ND
2023-wimbledon-1701,Carlos Alcaraz,Novak Djokovic,03:39:00,4,5,253,2,1,2,2,40,AD,1,1,2,128,125,2,0,0,0,0,0,0,0,0,1,0,1,0,0,0,0,1,0,1,0,0,30.007,36.614,8,122.0,BC,NCTL,ND
2023-wimbledon-1701,Carlos Alcaraz,Novak Djokovic,03:41:07,4,6,254,2,1,2,3,0,0,2,1,2,128,126,0,0,0,0,0,0,0,0,0,1,0,0,0,0,0,0,0,0,0,0,0,24.151,9.023,3,113.0,W,NCTL,D
2023-wimbledon-1701,Carlos Alcaraz,Novak Djokovic,03:41:33,4,6,255,2,1,2,3,0,15,2,1,1,129,126,0,0,0,0,1,0,F,0,0,0,0,0,0,0,0,0,0,0,0,0,0,29.751,22.614,8,123.0,BW,NCTL,ND
2023-wimbledon-1701,Carlos Alcaraz,Novak Djokovic,03:42:14,4,6,256,2,1,2,3,15,15,2,1,2,129,127,0,0,0,0,0,1,F,0,0,0,0,0,1,0,1,0,0,0,0,0,0,23.423,9.914,3,113.0,W,CTL,ND
2023-wimbledon-1701,Carlos Alcaraz,Novak Djokovic,03:42:43,4,6,257,2,1,2,3,15,30,2,2,2,129,128,0,0,0,0,0,0,0,0,0,0,0,0,1,0,1,0,0,0,0,0,0,45.735,48.065,11,100.0,B,NCTL,D
2023-wimbledon-1701,Carlos Alcaraz,Novak Djokovic,03:43:42,4,6,258,2,1,2,3,15,40,2,2,1,130,128,0,0,0,0,1,0,F,0,0,0,0,0,0,0,0,0,0,0,0,0,0,18.502,21.113,6,109.0,BC,NCTL,D
2023-wimbledon-1701,Carlos Alcaraz,Novak Djokovic,03:44:35,4,6,259,2,1,2,3,30,40,2,1,2,130,129,2,0,0,0,0,0,0,0,0,0,0,0,0,0,0,0,0,0,0,0,0,13.279,5.487,1,115.0,C,NCTL,ND
2023-wimbledon-1701,Carlos Alcaraz,Novak Djokovic,03:45:09,4,7,260,2,1,2,4,0,0,1,1,1,131,129,0,0,0,0,1,0,B,0,0,0,0,0,0,0,0,0,0,0,0,0,0,9.736,20.942,3,125.0,BC,NCTL,ND
2023-wimbledon-1701,Carlos Alcaraz,Novak Djokovic,03:45:38,4,7,261,2,1,2,4,15,0,1,2,2,131,130,0,0,0,0,0,1,F,0,0,0,0,0,1,0,1,0,0,0,0,0,0,17.325,18.119,6,95.0,B,NCTL,D
2023-wimbledon-1701,Carlos Alcaraz,Novak Djokovic,03:46:36,4,7,262,2,1,2,4,15,15,1,1,1,132,130,0,0,0,0,0,0,0,0,0,0,0,0,0,0,0,0,0,0,0,0,0,3.468,4.129,1,116.0,BW,NCTL,ND
2023-wimbledon-1701,Carlos Alcaraz,Novak Djokovic,03:47:00,4,7,263,2,1,2,4,30,15,1,2,1,133,130,0,0,0,0,0,0,0,0,0,0,1,0,0,0,0,0,0,0,0,0,0,21.731,25.33,7,121.0,BC,CTL,ND
2023-wimbledon-1701,Carlos Alcaraz,Novak Djokovic,03:47:46,4,7,264,2,1,2,4,40,15,1,1,1,134,130,1,0,1,0,1,0,0,0,0,0,0,0,0,0,0,0,0,0,0,0,0,0.815,0.841,1,109.0,W,CTL,
2023-wimbledon-1701,Carlos Alcaraz,Novak Djokovic,03:49:35,4,8,265,2,1,3,4,0,0,2,1,2,134,131,0,0,0,0,0,0,0,0,0,0,0,0,1,0,1,0,0,0,0,0,0,14.467,11.85,3,122.0,C,NCTL,ND
2023-wimbledon-1701,Carlos Alcaraz,Novak Djokovic,03:50:02,4,8,266,2,1,3,4,0,15,2,2,2,134,132,0,0,0,0,0,0,0,0,0,0,0,0,0,0,0,0,0,0,0,0,0,45.02,36.415,9,89.0,BW,NCTL,D
2023-wimbledon-1701,Carlos Alcaraz,Novak Djokovic,03:50:56,4,8,267,2,1,3,4,0,30,2,1,2,134,133,0,0,0,0,0,1,F,0,0,0,0,0,1,0,1,0,0,0,0,0,0,15.256,9.227,3,108.0,W,CTL,ND
2023-wimbledon-1701,Carlos Alcaraz,Novak Djokovic,03:51:26,4,8,268,2,1,3,4,0,40,2,1,2,134,134,2,0,0,0,0,0,0,0,0,0,0,0,0,0,0,0,0,0,0,0,0,8.461,4.064,1,120.0,BW,CTL,ND
2023-wimbledon-1701,Carlos Alcaraz,Novak Djokovic,03:52:02,4,9,269,2,1,3,5,0,0,1,1,2,134,135,0,0,0,0,0,1,B,0,0,0,0,0,0,0,0,0,0,0,0,0,0,18.748,35.124,4,123.0,W,CTL,
2023-wimbledon-1701,Carlos Alcaraz,Novak Djokovic,03:52:30,4,9,270,2,1,3,5,0,15,1,2,2,134,136,0,0,0,0,0,0,0,1,0,1,0,0,0,0,0,0,0,0,0,0,0,1.02,0.962,0,,W,CTL,
2023-wimbledon-1701,Carlos Alcaraz,Novak Djokovic,03:53:13,4,9,271,2,1,3,5,0,30,1,2,2,134,137,0,0,0,0,0,0,0,0,0,0,0,0,0,0,0,0,0,0,0,0,0,8.514,13.07,2,104.0,B,NCTL,ND
2023-wimbledon-1701,Carlos Alcaraz,Novak Djokovic,03:53:55,4,9,272,2,1,3,5,0,40,1,1,1,135,137,0,0,0,0,0,0,0,0,0,0,0,0,0,0,0,0,1,0,0,0,1,5.583,7.012,1,128.0,C,NCTL,ND
2023-wimbledon-1701,Carlos Alcaraz,Novak Djokovic,03:54:19,4,9,273,2,1,3,5,15,40,1,2,2,135,138,2,2,0,0,0,0,0,1,0,1,0,0,0,0,0,0,1,0,1,0,0,3.777,4.493,0,,C,CTL,
2023-wimbledon-1701,Carlos Alcaraz,Novak Djokovic,03:57:11,5,1,274,2,2,0,0,0,0,2,2,2,135,139,0,0,0,0,0,0,0,0,0,0,0,1,0,0,0,0,0,0,0,0,0,24.728,15.65,5,97.0,W,CTL,D
2023-wimbledon-1701,Carlos Alcaraz,Novak Djokovic,03:57:58,5,1,275,2,2,0,0,0,15,2,2,2,135,140,0,0,0,0,0,0,0,0,0,1,0,0,0,0,0,0,0,0,0,0,0,28.056,22.534,7,95.0,B,NCTL,ND
2023-wimbledon-1701,Carlos Alcaraz,Novak Djokovic,03:59:07,5,1,276,2,2,0,0,0,30,2,2,1,136,140,0,0,0,0,1,0,F,0,0,0,0,0,0,0,0,0,0,0,0,0,0,7.73,4.64,2,109.0,BW,NCTL,ND
2023-wimbledon-1701,Carlos Alcaraz,Novak Djokovic,03:59:51,5,1,277,2,2,0,0,15,30,2,2,1,137,140,0,0,0,0,1,0,F,0,0,0,0,1,0,1,0,0,0,0,0,0,0,18.626,17.664,6,92.0,B,NCTL,ND
2023-wimbledon-1701,Carlos Alcaraz,Novak Djokovic,04:00:47,5,1,278,2,2,0,0,30,30,2,1,1,138,140,0,0,0,0,1,0,B,0,0,0,0,0,1,0,0,0,0,0,0,0,0,12.669,12.304,4,123.0,C,NCTL,ND
2023-wimbledon-1701,Carlos Alcaraz,Novak Djokovic,04:01:49,5,1,279,2,2,0,0,40,30,2,1,2,138,141,0,0,0,0,0,0,0,0,0,0,0,0,0,0,0,1,0,0,0,1,0,8.589,6.655,1,117.0,C,NCTL,ND
2023-wimbledon-1701,Carlos Alcaraz,Novak Djokovic,04:02:19,5,1,280,2,2,0,0,40,40,2,1,2,138,142,0,0,0,0,0,0,0,0,0,0,0,0,0,0,0,0,0,0,0,0,0,7.427,4.598,1,124.0,C,CTL,ND
2023-wimbledon-1701,Carlos Alcaraz,Novak Djokovic,04:02:47,5,1,281,2,2,0,0,40,AD,2,2,1,139,142,0,0,0,0,1,0,F,0,0,0,0,0,1,0,0,0,0,0,0,0,0,57.056,52.126,14,114.0,BC,NCTL,D
2023-wimbledon-1701,Carlos Alcaraz,Novak Djokovic,04:04:02,5,1,282,2,2,0,0,40,40,2,1,2,139,143,0,0,0,0,0,0,0,0,0,0,0,0,0,0,0,0,0,0,0,0,0,2.138,1.318,1,126.0,C,NCTL,
2023-wimbledon-1701,Carlos Alcaraz,Novak Djokovic,04:04:31,5,1,283,2,2,0,0,40,AD,2,2,2,139,144,2,0,0,0,0,0,0,0,0,1,0,1,0,0,0,0,0,0,0,0,0,15.773,11.383,3,93.0,B,NCTL,ND
2023-wimbledon-1701,Carlos Alcaraz,Novak Djokovic,04:05:45,5,2,284,2,2,0,1,0,0,1,1,2,139,145,0,0,0,0,0,0,0,0,0,0,0,0,0,0,0,0,0,0,0,0,0,46.491,49.787,8,120.0,B,NCTL,ND
2023-wimbledon-1701,Carlos Alcaraz,Novak Djokovic,04:06:36,5,2,285,2,2,0,1,0,15,1,1,1,140,145,0,0,0,0,1,0,F,0,0,0,0,0,0,0,0,0,0,0,0,0,0,19.304,43.241,5,115.0,BW,NCTL,ND
2023-wimbledon-1701,Carlos Alcaraz,Novak Djokovic,04:07:12,5,2,286,2,2,0,1,15,15,1,2,2,140,146,0,0,0,0,0,0,0,0,0,1,0,0,0,0,0,0,0,0,0,0,0,6.127,8.362,2,95.0,BW,NCTL,ND
2023-wimbledon-1701,Carlos Alcaraz,Novak Djokovic,04:07:59,5,2,287,2,2,0,1,15,30,1,1,1,141,146,0,0,0,0,0,0,0,0,0,0,0,0,0,0,0,0,0,0,0,0,0,11.511,19.837,3,118.0,C,CTL,
2023-wimbledon-1701,Carlos Alcaraz,Novak Djokovic,04:08:33,5,2,288,2,2,0,1,30,30,1,2,2,141,147,0,0,0,0,0,0,0,0,0,0,0,0,0,0,0,0,0,0,0,0,0,16.367,14.441,4,93.0,C,NCTL,D
2023-wimbledon-1701,Carlos Alcaraz,Novak Djokovic,04:09:19,5,2,289,2,2,0,1,30,40,1,1,1,142,147,0,0,0,0,0,0,0,0,0,0,0,0,0,0,0,0,1,0,0,0,1,70.542,65.59,17,122.0,BW,NCTL,ND
2023-wimbledon-1701,Carlos Alcaraz,Novak Djokovic,04:10:25,5,2,290,2,2,0,1,40,40,1,2,1,143,147,0,0,0,0,1,0,F,0,0,0,0,0,0,0,0,0,0,0,0,0,0,9.154,10.895,3,101.0,B,NCTL,ND
2023-wimbledon-1701,Carlos Alcaraz,Novak Djokovic,04:11:15,5,2,291,2,2,0,1,AD,40,1,2,1,144,147,1,0,0,0,1,0,F,0,0,0,0,0,0,0,0,0,0,0,0,0,0,24.903,26.24,7,87.0,B,NCTL,ND
2023-wimbledon-1701,Carlos Alcaraz,Novak Djokovic,04:12:24,5,3,292,2,2,1,1,0,0,2,1,1,145,147,0,0,0,0,1,0,B,0,0,0,0,0,0,0,0,0,0,0,0,0,0,30.085,27.675,8,117.0,W,CTL,D
2023-wimbledon-1701,Carlos Alcaraz,Novak Djokovic,04:13:06,5,3,293,2,2,1,1,15,0,2,1,2,145,148,0,0,0,0,0,0,0,0,0,0,0,0,0,0,0,0,0,0,0,0,0,14.747,10.949,3,118.0,C,NCTL,ND
2023-wimbledon-1701,Carlos Alcaraz,Novak Djokovic,04:13:38,5,3,294,2,2,1,1,15,15,2,2,1,146,148,0,0,0,0,1,0,F,0,0,0,0,1,0,1,0,0,0,0,0,0,0,26.608,21.128,8,88.0,C,NCTL,ND
2023-wimbledon-1701,Carlos Alcaraz,Novak Djokovic,04:14:55,5,3,295,2,2,1,1,30,15,2,1,2,146,149,0,0,0,0,0,0,0,0,0,0,0,0,0,0,0,0,0,0,0,0,0,17.807,9.745,3,125.0,W,CTL,ND
2023-wimbledon-1701,Carlos Alcaraz,Novak Djokovic,04:15:28,5,3,296,2,2,1,1,30,30,2,1,1,147,149,0,0,0,0,0,0,0,0,0,0,1,0,0,0,0,0,0,0,0,0,0,8.418,5.321,2,123.0,BC,NCTL,ND
2023-wimbledon-1701,Carlos Alcaraz,Novak Djokovic,04:16:05,5,3,297,2,2,1,1,40,30,2,1,1,148,149,1,0,0,0,1,0,B,0,0,0,0,0,1,0,0,1,0,1,0,0,0,59.324,45.194,14,121.0,C,NCTL,D
2023-wimbledon-1701,Carlos Alcaraz,Novak Djokovic,04:18:08,5,4,298,2,2,2,1,0,0,1,1,1,149,149,0,0,0,0,0,0,0,0,0,0,0,0,0,0,0,0,0,0,0,0,0,4.242,5.111,1,110.0,BW,NCTL,ND
2023-wimbledon-1701,Carlos Alcaraz,Novak Djokovic,04:18:35,5,4,299,2,2,2,1,15,0,1,1,1,150,149,0,0,0,0,0,0,0,0,0,0,0,0,0,0,0,0,0,0,0,0,0,4.133,5.952,1,119.0,C,NCTL,ND
2023-wimbledon-1701,Carlos Alcaraz,Novak Djokovic,04:19:02,5,4,300,2,2,2,1,30,0,1,1,1,151,149,0,0,0,0,0,0,0,0,0,0,0,0,0,0,0,0,0,0,0,0,0,7.917,10.188,1,114.0,W,NCTL,D
2023-wimbledon-1701,Carlos Alcaraz,Novak Djokovic,04:19:28,5,4,301,2,2,2,1,40,0,1,1,1,152,149,1,0,1,0,1,0,0,0,0,0,0,0,0,0,0,0,0,0,0,0,0,0.851,0.676,1,123.0,C,CTL,
2023-wimbledon-1701,Carlos Alcaraz,Novak Djokovic,04:20:10,5,5,302,2,2,3,1,0,0,2,2,2,152,150,0,0,0,0,0,0,0,0,0,0,0,0,0,0,0,0,0,0,0,0,0,3.344,3.502,1,107.0,B,NCTL,D
2023-wimbledon-1701,Carlos Alcaraz,Novak Djokovic,04:20:49,5,5,303,2,2,3,1,0,15,2,1,2,152,151,0,0,0,0,0,0,0,0,0,0,0,0,0,0,0,0,0,0,0,0,0,8.14,5.047,1,121.0,W,CTL,D
2023-wimbledon-1701,Carlos Alcaraz,Novak Djokovic,04:21:13,5,5,304,2,2,3,1,0,30,2,1,2,152,152,0,0,0,0,0,0,0,0,0,0,0,0,0,0,0,0,0,0,0,0,0,10.781,2.412,1,124.0,C,NCTL,
2023-wimbledon-1701,Carlos Alcaraz,Novak Djokovic,04:21:35,5,5,305,2,2,3,1,0,40,2,2,1,153,152,0,0,0,0,0,0,0,0,0,0,1,0,0,0,0,0,0,0,0,0,0,10.657,8.966,2,100.0,B,NCTL,D
2023-wimbledon-1701,Carlos Alcaraz,Novak Djokovic,04:22:15,5,5,306,2,2,3,1,15,40,2,1,2,153,153,2,0,0,0,0,0,0,0,0,0,0,0,0,0,0,0,0,0,0,0,0,20.456,10.654,3,123.0,C,CTL,ND
2023-wimbledon-1701,Carlos Alcaraz,Novak Djokovic,04:23:53,5,6,307,2,2,3,2,0,0,1,2,2,153,154,0,0,0,0,0,0,0,0,0,0,0,0,1,0,1,0,0,0,0,0,0,20.512,19.453,4,99.0,BC,NCTL,ND
2023-wimbledon-1701,Carlos Alcaraz,Novak Djokovic,04:24:40,5,6,308,2,2,3,2,0,15,1,2,1,154,154,0,0,0,0,0,0,0,0,0,0,0,1,0,1,0,0,0,0,0,0,0,10.757,12.306,3,121.0,BC,NCTL,ND
2023-wimbledon-1701,Carlos Alcaraz,Novak Djokovic,04:25:26,5,6,309,2,2,3,2,15,15,1,1,2,154,155,0,0,0,0,0,0,0,0,0,0,0,0,0,0,0,0,0,0,0,0,0,13.286,22.353,2,119.0,BW,NCTL,ND
2023-wimbledon-1701,Carlos Alcaraz,Novak Djokovic,04:25:55,5,6,310,2,2,3,2,15,30,1,2,1,155,155,0,0,0,0,0,0,0,0,0,0,0,0,0,0,0,0,0,0,0,0,0,4.419,6.353,1,100.0,B,NCTL,D
2023-wimbledon-1701,Carlos Alcaraz,Novak Djokovic,04:26:37,5,6,311,2,2,3,2,30,30,1,1,1,156,155,0,0,0,0,0,0,0,0,0,0,1,0,0,0,0,0,0,0,0,0,0,14.776,13.091,3,128.0,BC,NCTL,D
2023-wimbledon-1701,Carlos Alcaraz,Novak Djokovic,04:27:09,5,6,312,2,2,3,2,40,30,1,1,1,157,155,1,0,1,0,1,0,0,0,0,0,0,0,0,0,0,0,0,0,0,0,0,0.766,0.767,1,123.0,W,CTL,
2023-wimbledon-1701,Carlos Alcaraz,Novak Djokovic,04:27:39,5,7,313,2,2,4,2,0,0,2,1,2,157,156,0,0,0,0,0,0,0,0,0,0,0,0,0,0,0,0,0,0,0,0,0,5.634,2.917,1,123.0,C,CTL,ND
2023-wimbledon-1701,Carlos Alcaraz,Novak Djokovic,04:27:54,5,7,314,2,2,4,2,0,15,2,1,1,158,156,0,0,0,0,1,0,F,0,0,0,0,0,0,0,0,0,0,0,0,0,0,8.655,9.243,4,118.0,C,NCTL,D
2023-wimbledon-1701,Carlos Alcaraz,Novak Djokovic,04:28:40,5,7,315,2,2,4,2,15,15,2,1,2,158,157,0,0,0,0,0,0,0,0,0,0,0,0,1,0,1,0,0,0,0,0,0,48.552,35.878,9,109.0,BW,NCTL,D
2023-wimbledon-1701,Carlos Alcaraz,Novak Djokovic,04:29:22,5,7,316,2,2,4,2,15,30,2,1,1,159,157,0,0,0,0,1,0,F,0,0,0,0,0,1,0,0,0,0,0,0,0,0,14.99,9.497,4,115.0,C,CTL,ND
2023-wimbledon-1701,Carlos Alcaraz,Novak Djokovic,04:29:59,5,7,317,2,2,4,2,30,30,2,2,2,159,158,0,0,0,0,0,1,B,0,0,0,0,0,0,0,0,0,0,0,0,0,0,14.929,7.187,3,105.0,W,NCTL,ND
2023-wimbledon-1701,Carlos Alcaraz,Novak Djokovic,04:30:59,5,7,318,2,2,4,2,30,40,2,1,2,159,159,2,0,0,0,0,0,0,0,0,0,0,0,0,0,0,0,0,0,0,0,0,15.338,13.049,3,124.0,BW,CTL,ND
2023-wimbledon-1701,Carlos Alcaraz,Novak Djokovic,04:32:45,5,8,319,2,2,4,3,0,0,1,1,2,159,160,0,0,0,0,0,0,0,0,0,1,0,0,0,0,0,0,0,0,0,0,0,15.451,51.222,4,112.0,W,CTL,D
2023-wimbledon-1701,Carlos Alcaraz,Novak Djokovic,04:33:13,5,8,320,2,2,4,3,0,15,1,2,1,160,160,0,0,0,0,0,0,0,0,0,0,0,0,0,0,0,0,0,0,0,0,0,5.732,5.259,1,88.0,BW,NCTL,D
2023-wimbledon-1701,Carlos Alcaraz,Novak Djokovic,04:33:51,5,8,321,2,2,4,3,15,15,1,2,1,161,160,0,0,0,0,0,0,0,0,0,0,0,0,0,0,0,0,0,0,0,0,0,18.146,16.37,5,99.0,BC,CTL,D
2023-wimbledon-1701,Carlos Alcaraz,Novak Djokovic,04:34:38,5,8,322,2,2,4,3,30,15,1,1,1,162,160,0,0,0,0,1,0,F,0,0,0,0,0,0,0,0,0,0,0,0,0,0,9.024,13.154,3,115.0,C,NCTL,ND
2023-wimbledon-1701,Carlos Alcaraz,Novak Djokovic,04:35:05,5,8,323,2,2,4,3,40,15,1,2,1,163,160,1,0,1,0,1,0,0,0,0,0,0,0,0,0,0,0,0,0,0,0,0,6.489,7.329,1,108.0,W,CTL,D
2023-wimbledon-1701,Carlos Alcaraz,Novak Djokovic,04:35:50,5,9,324,2,2,5,3,0,0,2,1,2,163,161,0,0,0,0,0,1,F,0,0,0,0,0,1,0,1,0,0,0,0,0,0,17.628,14.786,5,111.0,W,NCTL,ND
2023-wimbledon-1701,Carlos Alcaraz,Novak Djokovic,04:36:18,5,9,325,2,2,5,3,0,15,2,1,2,163,162,0,0,0,0,0,0,0,0,0,0,0,0,0,0,0,0,0,0,0,0,0,22.495,11.196,1,110.0,C,NCTL,D
2023-wimbledon-1701,Carlos Alcaraz,Novak Djokovic,04:36:44,5,9,326,2,2,5,3,0,30,2,1,2,163,163,0,0,0,0,0,0,0,0,0,0,0,0,0,0,0,0,0,0,0,0,0,8.686,7.679,1,108.0,W,CTL,ND
2023-wimbledon-1701,Carlos Alcaraz,Novak Djokovic,04:37:13,5,9,327,2,2,5,3,0,40,2,1,1,164,163,0,0,0,0,0,0,0,0,0,0,0,0,0,0,0,0,0,0,0,0,0,16.135,6.657,2,123.0,C,NCTL,ND
2023-wimbledon-1701,Carlos Alcaraz,Novak Djokovic,04:37:38,5,9,328,2,2,5,3,15,40,2,2,2,164,164,2,0,0,0,0,0,0,0,0,0,0,0,0,0,0,0,0,0,0,0,0,4.15,3.609,1,99.0,BW,NCTL,D
2023-wimbledon-1701,Carlos Alcaraz,Novak Djokovic,04:39:31,5,10,329,2,2,5,4,0,0,1,1,2,164,165,0,0,0,0,0,0,0,0,0,1,0,0,0,0,0,0,0,0,0,0,0,6.772,10.303,2,127.0,C,NCTL,ND
2023-wimbledon-1701,Carlos Alcaraz,Novak Djokovic,04:39:58,5,10,330,2,2,5,4,0,15,1,1,1,165,165,0,0,0,0,1,0,F,0,0,0,0,0,1,0,0,0,0,0,0,0,0,38.62,50.971,11,123.0,C,NCTL,D
2023-wimbledon-1701,Carlos Alcaraz,Novak Djokovic,04:40:43,5,10,331,2,2,5,4,15,15,1,1,1,166,165,0,0,0,0,1,0,B,0,0,0,0,1,0,1,0,0,0,0,0,0,0,17.533,27.766,5,114.0,W,NCTL,ND
2023-wimbledon-1701,Carlos Alcaraz,Novak Djokovic,04:41:20,5,10,332,2,2,5,4,30,15,1,1,2,166,166,0,0,0,0,0,1,F,0,0,0,0,0,0,0,0,0,0,0,0,0,0,10.882,18.328,4,124.0,W,NCTL,D
2023-wimbledon-1701,Carlos Alcaraz,Novak Djokovic,04:41:52,5,10,333,2,2,5,4,30,30,1,1,1,167,166,0,0,0,0,0,0,0,0,0,0,0,0,0,0,0,0,0,0,0,0,0,7.893,10.537,1,130.0,C,NCTL,D
2023-wimbledon-1701,Carlos Alcaraz,Novak Djokovic,04:42:27,5,10,334,2,2,5,4,40,30,1,1,1,168,166,1,1,0,0,0,0,0,0,0,0,0,1,0,1,0,0,0,0,0,0,0,17.811,25.367,3,129.0,BW,NCTL,ND
